customer_id,age,tenure_months,contract_type,internet_service,tech_support,payment_method,monthly_charges,total_charges,num_support_calls,churn
1472,22.0,7.0,One year,No,No,Credit card,41.23,267.41,5,0
2451,71.0,4.0,Two year,Fiber optic,Yes,Electronic check,22.69,80.55,3,0
2715,44.0,10.0,Two year,No,Yes,Electronic check,92.05,990.26,1,0
1643,22.0,49.0,Month-to-month,Fiber optic,Yes,Credit card,77.61,3940.19,1,0
2817,34.0,22.0,One year,Fiber optic,No,Mailed check,93.76,2372.07,1,1
2990,57.0,2.0,One year,DSL,No,Mailed check,112.51,237.35,2,0
2098,59.0,13.0,Month-to-month,No,No,Mailed check,28.91,346.96,2,0
1961,65.0,1.0,Month-to-month,No,Yes,Mailed check,85.98,78.83,2,0
1418,63.0,26.0,Month-to-month,DSL,No,Bank transfer,52.79,1450.56,5,0
1180,54.0,6.0,Month-to-month,DSL,No,Electronic check,90.05,483.05,2,1
2613,44.0,2.0,Two year,Fiber optic,Yes,Credit card,84.27,172.8,2,0
1570,45.0,6.0,Month-to-month,Fiber optic,No,Mailed check,65.32,421.2,1,0
2756,43.0,35.0,Month-to-month,DSL,No,Credit card,58.13,1815.48,3,0
2858,49.0,60.0,One year,DSL,No,Bank transfer,73.0,4156.16,2,0
1270,67.0,0.0,Month-to-month,No,No,Mailed check,53.7,0.0,2,0
1960,55.0,38.0,Two year,Fiber optic,No,Credit card,99.83,3444.98,0,0
1352,58.0,3.0,One year,DSL,Yes,Bank transfer,50.08,143.39,3,0
2179,28.0,2.0,Month-to-month,Fiber optic,No,Mailed check,84.92,166.09,3,1
2646,42.0,19.0,Month-to-month,Fiber optic,Yes,Mailed check,30.05,497.2,2,1
2218,32.0,18.0,Month-to-month,No,No,Electronic check,100.68,1658.83,0,1
1829,41.0,4.0,Month-to-month,DSL,No,Bank transfer,15.0,68.38,0,0
1476,54.0,1.0,Month-to-month,Fiber optic,No,Bank transfer,69.73,66.31,3,0
1885,73.0,12.0,Two year,DSL,No,Electronic check,77.85,1026.9,1,0
2410,65.0,1.0,Month-to-month,DSL,No,Mailed check,54.41,62.1,1,1
1488,70.0,11.0,One year,Fiber optic,No,Credit card,55.29,590.27,2,0
2535,21.0,27.0,Two year,No,Yes,Credit card,47.91,1133.29,3,0
1316,55.0,11.0,Month-to-month,DSL,No,Mailed check,98.14,951.51,1,1
2481,39.0,9.0,Month-to-month,Fiber optic,Yes,Credit card,59.51,527.32,1,0
1948,44.0,40.0,Month-to-month,No,Yes,Mailed check,59.53,2298.6,1,0
1458,37.0,47.0,One year,DSL,No,Bank transfer,62.39,2576.94,1,0
2194,21.0,28.0,Two year,No,Yes,Bank transfer,133.88,3642.93,2,0
1112,46.0,13.0,Month-to-month,No,Yes,Bank transfer,42.09,559.7,1,0
1980,57.0,69.0,Month-to-month,Fiber optic,No,Credit card,50.09,3749.65,3,0
2315,25.0,6.0,Month-to-month,DSL,Yes,Mailed check,88.21,459.82,1,0
1411,28.0,33.0,One year,DSL,No,Mailed check,64.22,1885.64,1,0
2891,45.0,6.0,Month-to-month,Fiber optic,No,Electronic check,76.27,499.13,0,0
1558,51.0,26.0,Month-to-month,Fiber optic,No,Mailed check,52.13,1376.81,2,0
1792,49.0,44.0,Month-to-month,Fiber optic,No,Credit card,48.33,2189.72,1,0
2852,27.0,3.0,Month-to-month,Fiber optic,Yes,Mailed check,43.73,113.92,1,0
1004,41.0,33.0,One year,Fiber optic,Yes,Credit card,96.48,3051.82,1,0
2713,58.0,43.0,Month-to-month,No,Yes,Mailed check,78.84,3533.49,2,0
2770,46.0,10.0,One year,No,No,Credit card,63.84,700.37,2,0
2536,53.0,5.0,Month-to-month,No,Yes,Electronic check,58.16,288.15,0,0
2984,59.0,6.0,Month-to-month,Fiber optic,Yes,Credit card,40.5,236.31,6,1
2663,36.0,18.0,Month-to-month,Fiber optic,Yes,Bank transfer,27.93,487.79,1,0
1280,,11.0,Month-to-month,Fiber optic,Yes,Credit card,30.24,363.01,0,0
2953,35.0,14.0,Month-to-month,Fiber optic,No,Electronic check,60.06,792.21,1,0
2749,60.0,3.0,One year,No,No,Mailed check,84.27,243.07,0,0
1137,40.0,0.0,Two year,NO,No,Mailed check,91.74,0.0,2,0
2091,44.0,5.0,Month-to-month,Fiber optic,Yes,Bank transfer,50.59,268.07,6,1
1625,37.0,3.0,Month-to-month,DSL,No,Bank transfer,78.96,218.48,1,0
1957,52.0,19.0,Month-to-month,Fiber optic,Yes,Bank transfer,63.57,1378.98,1,0
2934,,16.0,Month-to-month,No,No,Electronic check,43.59,606.47,0,0
1809,32.0,10.0,Month-to-month,Fiber optic,No,Electronic check,88.57,968.8,2,1
1355,30.0,11.0,One year,Fiber optic,No,Bank transfer,87.84,963.37,0,0
1619,48.0,2.0,One year,Fiber optic,No,Credit card,36.85,63.62,1,1
1837,30.0,42.0,Month-to-month,DSL,No,Mailed check,43.89,1994.37,4,0
1447,31.0,40.0,One year,Fiber optic,No,Electronic check,59.46,2448.1,3,0
2094,56.0,13.0,Month-to-month,Fiber optic,No,Credit card,39.07,524.38,5,0
1691,62.0,16.0,Month-to-month,Fiber optic,No,Electronic check,27.2,398.41,3,1
2985,53.0,7.0,Month-to-month,DSL,No,Electronic check,16.07,115.28,4,0
2476,43.0,22.0,Month-to-month,DSL,No,Credit card,65.78,1406.76,2,1
2329,54.0,42.0, One year ,DSL,No,Mailed check,97.32,4421.96,1,0
2865,20.0,21.0,One year,DSL,Yes,Mailed check,99.99,1907.33,3,0
1305,47.0,50.0,Month-to-month,Fiber optic,No,Electronic check,90.04,4116.14,1,0
1445,55.0,10.0,Month-to-month,No,Yes,Credit card,88.92,935.59,0,0
2334,47.0,63.0,Month-to-month,Fiber optic,Yes,Bank transfer,76.18,4280.59,4,1
2308,61.0,9.0, One year ,Fiber optic,No,Electronic check,81.77,719.08,0,0
2403,56.0,36.0,Month-to-month,DSL,Yes,Electronic check,79.17,3229.49,0,0
2195,52.0,1.0,Month-to-month,No,No,Mailed check,57.36,62.67,0,0
2436,,34.0,Month-to-month,Fiber optic,Yes,Mailed check,39.2,1219.32,0,0
1677,71.0,44.0,One year,DSL,No,Credit card,15.11,577.52,0,0
2355,18.0,6.0,Month-to-month,No,Yes,Bank transfer,91.0,500.91,1,0
2907,28.0,1.0, Month-to-month ,Fiber optic,No,Mailed check,48.71,50.87,0,1
1929,44.0,15.0,One year,DSL,No,Electronic check,42.55,578.94,1,0
2494,68.0,13.0,Two year,Fiber optic,No,Mailed check,88.91,1274.42,2,0
1236,18.0,38.0,Month-to-month,DSL,No,Credit card,35.6,1440.58,3,0
1503,53.0,13.0,Two year,DSL,No,Mailed check,70.54,962.67,1,0
1552,63.0,2.0,Month-to-month,Fiber optic,No,Credit card,74.53,141.22,2,1
2875,66.0,26.0,Month-to-month,Fiber optic,Yes,Mailed check,64.47,1454.19,1,0
2359,48.0,7.0,Two year,Fiber optic,No,Mailed check,75.86,592.36,4,0
1294,50.0,50.0,Two year,Fiber optic,No,Credit card,63.4,3545.78,1,0
1101,39.0,12.0, One year ,No,No,Bank transfer,85.99,1046.12,0,0
1332,46.0,8.0,Month-to-month,No,No,Mailed check,56.34,483.87,0,0
2434,42.0,5.0,Month-to-month,No,No,Mailed check,121.93,652.51,2,1
1642,41.0,7.0,Month-to-month,DSL,No,Electronic check,49.73,364.18,2,0
2591,18.0,16.0,Month-to-month,DSL,Yes,Credit card,53.84,810.21,1,0
2890,53.0,72.0,One year,Fiber optic,Yes,Mailed check,114.0,8018.17,0,0
1886,54.0,25.0,Month-to-month,Fiber optic,Yes,Credit card,53.47,1336.48,6,0
2828,44.0,10.0,Month-to-month,DSL,No,Bank transfer,50.74,518.93,2,1
2133,52.0,3.0,Month-to-month,Fiber optic,Yes,Credit card,57.41,159.43,2,1
1580,50.0,61.0,Two year,Fiber optic,No,Electronic check,26.43,1673.61,1,0
1826,69.0,34.0,Month-to-month,Fiber optic,No,Bank transfer,71.55,2485.59,1,0
1529,31.0,2.0,One year,No,Yes,Electronic check,39.0,76.07,0,0
2006,58.0,3.0,Month-to-month,No,No,Mailed check,58.06,191.28,0,1
1391,52.0,1.0,Month-to-month,DSL,No,Credit card,106.02,99.3,2,1
1083,37.0,24.0,Two year,No,No,Electronic check,85.5,2110.76,0,0
2492,37.0,40.0,Month-to-month,Fiber optic,No,Electronic check,67.11,2929.72,0,0
2835,50.0,17.0,Two year,DSL,No,Bank transfer,81.4,1371.52,1,1
1645,41.0,8.0,Two year,Fiber optic,No,Mailed check,35.51,,1,0
1484,34.0,28.0,Month-to-month,DSL,Yes,Bank transfer,53.85,1430.31,1,0
1874,45.0,29.0,Month-to-month,Fiber optic,Yes,Credit card,50.5,1642.78,1,0
2510,28.0,44.0,Month-to-month,DSL,No,Credit card,90.72,3934.86,1,0
1745,34.0,16.0,Two year,No,No,Bank transfer,48.86,855.67,1,1
2948,62.0,13.0,Month-to-month,Fiber optic,No,Electronic check,34.19,509.68,0,0
2750,18.0,11.0,Two year,Fiber optic,Yes,Credit card,38.65,374.4,1,0
2458,64.0,9.0,Two year,No,No,Mailed check,93.05,780.92,0,0
1985,28.0,7.0,One year,DSL,No,Electronic check,59.46,359.7,3,0
2908,27.0,24.0,Month-to-month,No,No,Electronic check,15.0,381.79,3,0
1526,21.0,18.0,Month-to-month,No,Yes,Electronic check,58.93,918.33,4,0
2077,39.0,6.0,Month-to-month,DSL,No,Credit card,106.63,551.52,5,1
2089,42.0,1.0,One year,Fiber optic,No,Bank transfer,71.28,60.67,3,0
2497,63.0,11.0,Month-to-month,DSL,Yes,Bank transfer,77.63,779.5,0,0
1563,40.0,6.0,Month-to-month,DSL,No,Bank transfer,46.33,287.27,3,1
2389,34.0,3.0,One year,DSL,No,Mailed check,15.0,39.87,1,0
1045,34.0,15.0,Month-to-month,DSL,No,Mailed check,71.67,1233.53,5,0
2031,20.0,14.0,Month-to-month,Fiber optic,No,Bank transfer,108.16,1717.85,1,1
1882,38.0,17.0,Two year,DSL,Yes,Credit card,97.37,1730.8,2,0
1145,57.0,12.0,Month-to-month,Fiber optic,No,Mailed check,61.95,797.5,2,1
1123,24.0,10.0,Month-to-month,No,No,Credit card,15.0,172.38,1,0
1370,45.0,11.0,Month-to-month,Fiber optic,No,Credit card,46.71,590.56,1,1
1795,61.0,3.0,Two year,No,Yes,Mailed check,54.89,155.77,1,0
2703,62.0,1.0,Month-to-month,DSL,Yes,Electronic check,42.04,,0,0
2043,44.0,4.0,One year,DSL,Yes,Bank transfer,85.94,326.03,4,0
1231,48.0,5.0,Two year,Fiber optic,No,Bank transfer,71.73,307.48,0,0
1715,62.0,0.0,Month-to-month,Fiber optic,No,Bank transfer,25.05,0.0,1,0
1914,44.0,20.0,Month-to-month,DSL,Yes,Bank transfer,59.65,1302.05,1,0
1481,31.0,20.0,Month-to-month,No,No,Credit card,47.38,937.44,0,0
1877,48.0,19.0,Month-to-month,Fiber optic,No,Credit card,75.44,1342.26,3,1
2251,58.0,17.0,One year,No,Yes,Electronic check,66.89,1173.41,1,0
2682,31.0,24.0,Month-to-month,Fiber optic,No,Mailed check,35.01,823.51,2,0
2745,49.0,48.0,Month-to-month,DSL,No,Bank transfer,52.55,2667.77,4,0
2549,63.0,2.0,Month-to-month,Fiber optic,No,Mailed check,48.52,111.39,1,1
2398,63.0,22.0,Month-to-month,DSL,No,Electronic check,69.81,1484.87,3,0
2960,44.0,18.0,Two year,Fiber optic,No,Credit card,40.68,734.04,0,1
2949,44.0,3.0,Two year,DSL,No,Bank transfer,88.81,284.46,1,0
1232,46.0,1.0,Month-to-month,DSL,No,Mailed check,63.88,59.11,3,0
1964,44.0,72.0,Two year,No,No,Mailed check,63.02,3926.74,1,0
1999,54.0,13.0,One year,Fiber optic,No,Credit card,38.0,482.73,3,0
2572,49.0,7.0,Month-to-month,Fiber optic,Yes,Bank transfer,62.7,,4,0
1990,48.0,22.0,Month-to-month,DSL,Yes,Mailed check,70.24,1663.32,3,0
2680,51.0,13.0,Month-to-month,Fiber optic,Yes,Credit card,97.27,1372.49,0,0
2705,41.0,14.0,One year,DSL,No,Electronic check,60.77,872.27,2,0
1847,82.0,72.0,Month-to-month,DSL,Yes,Bank transfer,58.19,4429.65,1,0
2631,32.0,7.0,Month-to-month,DSL,Yes,Electronic check,65.34,452.73,3,0
1199,28.0,3.0,Month-to-month,No,Yes,Credit card,97.58,288.97,1,1
2988,35.0,11.0,One year,Fiber optic,No,Bank transfer,31.3,355.72,0,0
2191,25.0,17.0,Month-to-month,Fiber optic,No,Electronic check,72.29,1394.16,1,1
2560,45.0,44.0,One year,No,No,Credit card,121.9,5366.92,1,0
2928,62.0,11.0,Month-to-month,Fiber optic,No,Electronic check,34.01,343.11,1,0
2222,55.0,16.0,Month-to-month,No,No,Bank transfer,81.49,1307.29,1,1
2731,40.0,10.0,Month-to-month,Fiber optic,No,Bank transfer,35.04,397.15,1,0
2642,44.0,28.0,Month-to-month,Fiber optic,Yes,Bank transfer,38.6,1201.33,2,0
1825,67.0,22.0,Month-to-month,Fiber optic,No,Credit card,80.22,1905.57,3,0
1556,38.0,6.0,Month-to-month,Fiber optic,Yes,Electronic check,74.71,418.05,4,1
1984,45.0,8.0,One year,Fiber optic,Yes,Credit card,46.27,339.14,3,0
2532,50.0,24.0,Two year,Fiber optic,No,Bank transfer,58.56,1549.9,2,0
1695,40.0,24.0,Month-to-month,No,No,Electronic check,70.08,1608.66,1,0
2142,43.0,35.0,Month-to-month,Fiber optic,No,Bank transfer,38.85,1156.82,2,1
2786,40.0,10.0,Two year,No,No,Credit card,129.3,1419.28,5,1
1916,54.0,4.0,One year,Fiber optic,No,Electronic check,82.26,328.34,1,0
2741,42.0,32.0,Month-to-month,Fiber optic,Yes,Electronic check,58.63,1866.52,2,0
2884,45.0,13.0,Month-to-month,DSL,No,Bank transfer,60.75,887.53,1,1
2573,25.0,15.0,Month-to-month,DSL,No,Electronic check,65.4,1011.2,3,1
1268,38.0,14.0,Two year,No,Yes,Mailed check,46.9,637.59,0,0
1652,41.0,16.0,One year,DSL,Yes,Mailed check,50.25,802.42,3,0
1239,58.0,4.0,One year,DSL,Yes,Bank transfer,77.02,287.94,1,0
2348,24.0,3.0,Month-to-month,DSL,No,Electronic check,89.57,304.37,2,1
2544,36.0,13.0,Month-to-month,DSL,Yes,Bank transfer,25.44,295.49,3,1
2431,57.0,11.0,Two year,Fiber optic,No,Credit card,46.62,510.79,2,0
1821,66.0,24.0,Month-to-month,DSL,Yes,Bank transfer,63.47,1384.23,0,0
2437,69.0,53.0,Month-to-month,Fiber optic,No,Electronic check,53.99,2698.37,2,0
1803,38.0,11.0,Month-to-month,DSL,Yes,Electronic check,51.68,501.54,2,0
1284,77.0,3.0,Month-to-month,DSL,No,Mailed check,46.52,141.6,2,1
1575,18.0,12.0,Month-to-month,DSL,No,Electronic check,84.85,887.39,0,1
2125,28.0,2.0,One year,Fiber optic,No,Credit card,64.05,122.34,0,0
1426,31.0,10.0,One year,Fiber optic,No,Credit card,52.98,560.19,0,1
1732,51.0,12.0,Month-to-month,Fiber optic,No,Bank transfer,95.51,1116.65,2,1
1492,46.0,4.0,One year,DSL,Yes,Electronic check,106.97,481.31,0,0
2965,46.0,20.0,Month-to-month,No,No,Electronic check,28.73,550.55,1,0
2857,,23.0,Two year,Fiber optic,Yes,Bank transfer,109.2,2831.68,2,0
1241,43.0,72.0,One year,No,Yes,Mailed check,51.79,3616.16,2,0
2368,38.0,26.0,One year,DSL,Yes,Mailed check,63.71,1450.55,1,0
1802,46.0,5.0,Month-to-month,Fiber optic,No,Bank transfer,73.11,334.72,1,1
1459,27.0,0.0,Month-to-month,DSL,No,Electronic check,74.83,0.0,1,1
2289,18.0,3.0,Month-to-month,Fiber optic,No,Mailed check,89.2,260.37,2,1
1600,56.0,31.0,Month-to-month,Fiber optic,Yes,Bank transfer,74.89,2155.3,2,0
1819,61.0,6.0,One year,DSL,No,Credit card,86.9,577.41,4,0
2593,59.0,3.0,Two year,No,No,Mailed check,74.19,203.18,2,0
1052,35.0,20.0,Two year,Fiber optic,No,Credit card,40.25,695.14,1,0
2199,65.0,11.0,Month-to-month,DSL,Yes,Credit card,60.74,675.36,5,1
2443,26.0,5.0,Month-to-month,FIBER OPTIC,No,Credit card,78.46,377.8,2,0
1157,52.0,33.0,Month-to-month,No,No,Mailed check,69.46,2323.57,3,0
2821,46.0,4.0,Two year,DSL,No,Credit card,51.91,223.42,2,0
2174,34.0,55.0,One year,Fiber optic,No,Mailed check,40.14,2364.51,4,0
1065,65.0,27.0,Two year,Fiber optic,No,Bank transfer,74.1,2298.74,3,0
2778,39.0,0.0,Month-to-month,DSL,Yes,Electronic check,52.78,0.0,1,0
2729,73.0,8.0,Month-to-month,Fiber optic,No,Electronic check,78.51,716.76,4,1
2037,23.0,8.0,Month-to-month,No,No,Electronic check,46.68,,2,0
1142,21.0,15.0,Month-to-month,Fiber optic,,Credit card,15.0,243.48,2,0
2807,53.0,19.0,Month-to-month,DSL,Yes,Mailed check,83.33,1352.81,2,0
2798,61.0,32.0,One year,DSL,Yes,Bank transfer,31.73,1120.82,4,0
1452,30.0,22.0,Month-to-month,DSL,No,Mailed check,24.6,463.04,3,0
2316,29.0,2.0,Month-to-month,No,No,Credit card,52.59,119.84,0,0
2176,20.0,9.0,Two year,No,No,Mailed check,35.42,361.28,1,0
1784,53.0,4.0,Two year,DSL,Yes,Credit card,89.86,350.22,2,0
1977,18.0,3.0,Month-to-month,Fiber optic,No,Credit card,34.27,91.91,2,0
2131,51.0,10.0,One year,DSL,Yes,Credit card,77.95,855.85,0,0
2622,59.0,4.0,Two year,Fiber optic,Yes,Bank transfer,60.62,244.85,1,0
1263,30.0,20.0,Month-to-month,DSL,Yes,Credit card,37.32,688.1,3,0
1365,39.0,68.0,One year,DSL,No,Mailed check,49.72,3031.79,0,0
1114,42.0,5.0,Month-to-month,Fiber optic,No,Mailed check,61.49,339.36,1,1
2444,51.0,28.0,One year,No,Yes,Credit card,82.89,2026.89,2,0
1721,19.0,23.0,Month-to-month,Fiber optic,Yes,Mailed check,21.36,441.62,3,0
2782,22.0,7.0,Two year,DSL,No,Bank transfer,37.59,227.06,2,0
2922,29.0,48.0,Month-to-month,Fiber optic,No,Mailed check,80.94,4438.0,3,0
2220,27.0,4.0,Month-to-month,No,Yes,Bank transfer,83.91,294.47,0,0
1468,37.0,26.0,Month-to-month,DSL,No,Electronic check,89.05,2467.0,0,0
1230,34.0,12.0,Month-to-month,Fiber optic,No,Electronic check,55.0,576.62,0,1
2068,38.0,16.0,One year,DSL,Yes,Credit card,71.15,1078.96,1,0
1494,68.0,2.0,Month-to-month,DSL,No,Mailed check,97.78,197.87,0,0
1799,45.0,5.0,Month-to-month,No,Yes,Bank transfer,79.63,384.46,2,1
2371,71.0,33.0,Month-to-month,Fiber optic,Yes,Electronic check,39.25,1293.24,0,0
1176,45.0,10.0,Two year,No,No,Electronic check,40.62,414.8,1,0
1117,27.0,7.0,Month-to-month,DSL,No,Mailed check,98.81,751.09,6,0
2336,36.0,43.0,Month-to-month,Fiber optic,No,Mailed check,53.79,2341.65,1,0
1786,58.0,44.0,Month-to-month,Fiber optic,No,Credit card,15.0,587.91,0,0
2825,52.0,10.0,Month-to-month,No,Yes,Mailed check,81.11,742.48,0,0
1853,63.0,2.0,One year,DSL,Yes,Electronic check,82.01,159.73,3,1
1275,52.0,5.0,Two year,DSL,No,Electronic check,46.79,229.38,2,1
1840,44.0,1.0,One year,No,No,Mailed check,20.47,19.2,2,0
2794,48.0,34.0,Month-to-month,Fiber optic,No,Electronic check,86.06,2786.51,2,1
2237,37.0,2.0,Two year,DSL,No,Bank transfer,84.95,147.65,1,0
2577,62.0,23.0,One year,DSL,Yes,Bank transfer,61.23,1316.23,1,0
1323,76.0,59.0,Month-to-month,Fiber optic,No,Bank transfer,43.88,2787.1,1,0
1226,46.0,16.0,Month-to-month,Fiber optic,No,Electronic check,55.43,870.92,1,0
2809,58.0,20.0,One year,DSL,No,Bank transfer,72.79,1320.87,1,0
1401,36.0,54.0,Two year,Fiber optic,No,Electronic check,53.22,3024.08,2,0
2477,51.0,35.0,Month-to-month,Fiber optic,No,Bank transfer,105.19,4130.38,1,0
2228,59.0,34.0,Two year,Fiber optic,No,Electronic check,80.69,2846.36,2,0
2657,65.0,13.0,Month-to-month,Fiber optic,Yes,Electronic check,26.03,338.53,1,0
1161,57.0,7.0,Two year,DSL,No,Mailed check,73.23,,1,0
2146,29.0,8.0,Month-to-month,Fiber optic,No,Electronic check,45.23,393.32,2,0
1143,48.0,18.0,Month-to-month,DSL,No,Electronic check,68.63,1164.79,1,0
1978,21.0,72.0,Month-to-month,Fiber optic,Yes,Bank transfer,101.3,8098.18,0,0
1376,58.0,9.0,Month-to-month,No,No,Mailed check,72.78,664.06,1,0
2488,22.0,72.0,One year,No,Yes,Credit card,73.36,4642.89,3,0
1076,46.0,9.0,One year,No,Yes,Mailed check,83.28,861.31,0,0
2698,53.0,6.0,Month-to-month,DSL,Yes,Electronic check,49.87,337.09,2,0
2696,30.0,11.0,One year,Fiber optic,No,Bank transfer,34.58,350.35,2,1
2054,37.0,4.0,One year,No,No,Credit card,80.93,297.52,3,0
2202,47.0,45.0,Two year,Fiber optic,No,Mailed check,62.13,2434.7,1,0
1068,50.0,9.0,Month-to-month,No,No,Mailed check,69.01,705.2,0,0
2973,48.0,17.0,Two year,DSL,Yes,Electronic check,83.67,1246.07,1,0
1844,47.0,44.0,One year,DSL,Yes,Mailed check,51.17,2197.43,4,0
2763,21.0,57.0,Month-to-month,Fiber optic,No,Mailed check,94.06,5349.93,0,0
1119,56.0,21.0,Month-to-month,Fiber optic,Yes,Credit card,65.99,1448.22,1,0
2144,42.0,30.0,One year,No,Yes,Bank transfer,72.27,1915.45,1,0
1069,35.0,6.0,Month-to-month,Fiber optic,Yes,Bank transfer,120.31,646.31,2,1
1082,67.0,20.0,Month-to-month,DSL,No,Bank transfer,36.42,814.91,0,0
1610,55.0,35.0,Month-to-month,Fiber optic,No,Electronic check,71.09,2496.28,2,0
1571,70.0,5.0,One year,No,Yes,Electronic check,77.0,350.69,0,0
2923,49.0,72.0,Month-to-month,Fiber optic,No,Bank transfer,71.47,4792.47,1,0
1662,45.0,3.0,Month-to-month,DSL,No,Bank transfer,70.24,215.51,0,1
2150,30.0,54.0,One year,No,Yes,Mailed check,77.97,4313.56,3,0
1093,40.0,2.0,Month-to-month,Fiber optic,No,Electronic check,95.73,219.96,2,0
2743,62.0,2.0,Month-to-month,DSL,Yes,Credit card,94.83,189.91,3,1
1696,50.0,24.0,Two year,FIBER OPTIC,No,Bank transfer,53.56,1316.15,1,0
2564,56.0,1.0,Month-to-month,No,Yes,Mailed check,43.27,37.47,0,0
1671,18.0,26.0,Month-to-month,Fiber optic,No,Bank transfer,57.83,1561.6,1,0
1356,45.0,15.0,Month-to-month,FIBER OPTIC,No,Bank transfer,78.44,1265.22,0,0
1464,43.0,7.0,One year,Fiber optic,No,Electronic check,39.51,240.37,2,0
2900,55.0,8.0,Two year,No,No,Mailed check,54.72,416.56,1,0
2305,32.0,56.0,One year,Fiber optic,No,Bank transfer,64.75,3715.21,2,0
1246,38.0,11.0,Month-to-month,Fiber optic,Yes,Electronic check,95.94,940.89,1,1
1154,49.0,3.0,Month-to-month,Fiber optic,Yes,Electronic check,40.12,123.58,2,0
1278,46.0,26.0,Month-to-month,Fiber optic,No,Bank transfer,68.5,1704.92,4,0
2998,43.0,0.0,Month-to-month,No,Yes,Credit card,94.65,0.0,3,0
2576,21.0,31.0,One year,Fiber optic,No,Electronic check,52.41,1382.55,1,0
1003,68.0,2.0,Two year,DSL,No,Bank transfer,28.01,59.94,5,0
2204,46.0,8.0,Month-to-month,DSL,No,Electronic check,61.25,550.75,2,0
2527,68.0,17.0,Two year,FIBER OPTIC,No,Bank transfer,50.26,916.61,2,0
1372,67.0,8.0,Month-to-month,Fiber optic,Yes,Mailed check,662.3000000000001,565.8,1,0
1835,49.0,6.0,Month-to-month,FIBER OPTIC,No,Mailed check,36.68,224.92,4,1
1240,33.0,60.0,Month-to-month,DSL,No,Bank transfer,59.94,4011.84,1,0
1002,55.0,9.0,Month-to-month,Fiber optic,No,Electronic check,122.59,995.72,3,1
1659,43.0,28.0,One year,DSL,Yes,Electronic check,63.56,1795.55,0,0
1606,33.0,12.0,Two year,Fiber optic,Yes,Bank transfer,92.43,1123.73,1,0
2116,81.0,16.0,One year,DSL,Yes,Mailed check,100.17,1574.54,1,0
2166,66.0,72.0,Month-to-month,No,No,Bank transfer,27.57,1849.41,0,0
1037,18.0,20.0,Month-to-month,No,No,Mailed check,84.1,1503.11,2,1
2570,57.0,3.0,Month-to-month,Fiber optic,No,Mailed check,71.83,243.54,1,0
2967,43.0,10.0,Two year,DSL,No,Bank transfer,91.22,929.08,5,0
2123,28.0,1.0,One year,DSL,No,Credit card,73.92,74.59,0,0
2362,47.0,1.0,One year,Fiber optic,No,Bank transfer,84.75,93.91,0,1
2216,35.0,14.0,Month-to-month,DSL,No,Mailed check,46.52,,2,0
2747,53.0,7.0,Month-to-month,No,No,Credit card,44.96,353.4,1,0
1455,33.0,20.0,Two year,FIBER OPTIC,No,Bank transfer,54.62,1013.93,2,0
1271,23.0,9.0,Two year,Fiber optic,No,Electronic check,45.27,458.1,0,1
2597,76.0,21.0,One year,DSL,No,Electronic check,70.35,1482.38,0,0
1344,38.0,29.0,Month-to-month,Fiber optic,No,Credit card,66.5,1918.02,2,1
1502,24.0,5.0,Month-to-month,Fiber optic,No,Electronic check,62.16,335.76,0,1
1649,55.0,42.0,Month-to-month,DSL,No,Electronic check,63.04,2387.65,1,0
2605,31.0,9.0,Month-to-month,DSL,No,Electronic check,54.28,493.84,0,0
1598,38.0,45.0,One year,DSL,Yes,Credit card,54.58,2432.09,0,0
2111,48.0,48.0,Month-to-month,DSL,No,Credit card,28.87,1191.92,1,0
2118,48.0,37.0,Month-to-month,Fiber optic,No,Credit card,88.88,3656.89,0,0
2484,48.0,2.0,Month-to-month,DSL,Yes,Mailed check,70.02,142.21,1,0
2256,70.0,6.0,Two year,No,No,Credit card,15.0,99.66,4,0
1085,37.0,4.0,One year,DSL,No,Credit card,66.82,,2,0
1861,22.0,1.0,Month-to-month,Fiber optic,No,Credit card,52.56,45.73,2,0
2026,46.0,44.0,Month-to-month,DSL,No,Credit card,93.65,4521.31,2,1
1615,47.0,14.0,Month-to-month,No,Yes,Electronic check,49.34,704.97,1,0
2913,53.0,15.0,Month-to-month,DSL,Yes,Bank transfer,30.45,391.05,0,0
2229,78.0,17.0,One year,DSL,Yes,Bank transfer,58.01,1022.51,2,0
1288,49.0,72.0,Month-to-month,Fiber optic,No,Mailed check,26.68,2025.36,1,0
2095,44.0,13.0,Two year,Fiber optic,No,Electronic check,81.63,1061.44,2,0
1729,33.0,13.0,Two year,FIBER OPTIC,Yes,Bank transfer,56.59,845.25,0,0
2066,26.0,9.0,One year,Fiber optic,No,Bank transfer,57.12,516.92,2,1
2495,75.0,19.0,Month-to-month,Fiber optic,No,Bank transfer,123.12,2228.31,2,0
1007,57.0,62.0,One year,No,Yes,Credit card,90.18,5697.94,0,0
2207,35.0,4.0,Two year,No,No,Electronic check,16.27,71.82,6,0
2862,57.0,2.0,Month-to-month,DSL,No,Mailed check,107.61,213.02,2,0
1470,41.0,1.0,Month-to-month,Fiber optic,Yes,Electronic check,83.75,87.43,2,0
2718,56.0,21.0,Month-to-month,DSL,,Credit card,46.03,1034.88,0,0
2878,20.0,5.0,One year,DSL,No,Electronic check,56.83,247.16,1,0
2533,43.0,5.0,Month-to-month,DSL,No,Electronic check,63.26,324.54,0,0
1505,38.0,7.0,Two year,Fiber optic,Yes,Electronic check,39.2,271.75,1,0
1690,40.0,19.0,Two year,Fiber optic,No,Electronic check,117.33,,0,0
2143,47.0,15.0,Month-to-month,DSL,No,Bank transfer,76.84,1109.4,3,0
1385,47.0,16.0,Month-to-month,DSL,No,Electronic check,69.79,975.4,0,0
2905,52.0,33.0,Month-to-month,Fiber optic,Yes,Mailed check,33.11,933.24,0,0
1215,56.0,12.0,Two year,Fiber optic,Yes,Credit card,77.84,956.81,2,0
2648,63.0,1.0,Month-to-month,Fiber optic,Yes,Bank transfer,69.5,59.36,1,0
1926,37.0,36.0,One year,Fiber optic,Yes,Electronic check,54.56,1807.01,2,0
2504,42.0,35.0,Month-to-month,Fiber optic,No,Credit card,62.12,2468.41,0,0
2644,29.0,14.0,Month-to-month,Fiber optic,No,Mailed check,72.7,1066.58,3,1
2687,48.0,8.0,Month-to-month,DSL,No,Electronic check,33.43,228.66,1,0
1675,33.0,0.0,One year,No,Yes,Mailed check,77.34,0.0,0,0
1577,57.0,19.0,Month-to-month,Fiber optic,No,Bank transfer,58.84,1150.53,4,0
1540,58.0,17.0,Two year,DSL,Yes,Credit card,58.92,969.95,2,0
2615,85.0,10.0,Month-to-month,No,No,Bank transfer,85.68,953.82,3,1
1515,56.0,20.0,Two year,DSL,No,Electronic check,71.08,1367.73,3,0
1776,34.0,30.0,Month-to-month,Fiber optic,No,Electronic check,51.86,1484.22,3,0
1061,42.0,1.0,One year,Fiber optic,No,Bank transfer,78.77,72.56,1,0
1181,32.0,13.0,Month-to-month,DSL,Yes,Electronic check,52.56,640.6,1,0
1084,33.0,0.0,Month-to-month,DSL,No,Mailed check,63.38,0.0,3,1
2018,40.0,17.0,Month-to-month,DSL,No,Credit card,82.16,1440.96,0,0
2509,67.0,1.0,Month-to-month,Fiber optic,No,Mailed check,66.7,67.37,2,1
2474,33.0,22.0,One year,DSL,No,Credit card,83.59,2049.51,2,0
2193,50.0,34.0,Two year,Fiber optic,No,Mailed check,40.54,1304.52,1,0
2944,54.0,17.0,Month-to-month,Fiber optic,,Mailed check,60.99,1175.11,3,0
2008,61.0,6.0,Month-to-month,Fiber optic,Yes,Mailed check,75.54,423.55,3,1
1197,47.0,30.0,Month-to-month,Fiber optic,Yes,Electronic check,42.87,1141.36,0,0
1248,71.0,2.0,Month-to-month,Fiber optic,Yes,Electronic check,40.8,77.18,2,0
1354,45.0,0.0,Month-to-month,DSL,Yes,Bank transfer,54.69,0.0,2,0
2650,54.0,12.0,Month-to-month,DSL,No,Credit card,62.45,846.59,0,1
1173,50.0,31.0,Month-to-month,Fiber optic,Yes,Electronic check,85.58,2550.99,0,0
2281,43.0,5.0, Month-to-month ,Fiber optic,No,Mailed check,99.0,448.25,1,1
1756,52.0,5.0,Two year,DSL,No,Mailed check,63.82,352.58,1,0
2079,,41.0,One year,DSL,No,Credit card,65.89,2877.58,3,0
2014,71.0,1.0,Month-to-month,No,No,Mailed check,37.7,35.27,1,0
1080,42.0,14.0,Month-to-month,DSL,No,Bank transfer,90.74,1199.09,2,0
2557,33.0,22.0,Month-to-month,DSL,No,Mailed check,59.72,1414.19,1,0
1862,68.0,11.0,Two year,Fiber optic,No,Credit card,93.74,1032.05,0,0
1627,43.0,4.0,Two year,Fiber optic,No,Credit card,52.96,213.74,4,0
1557,39.0,11.0,One year,Fiber optic,Yes,Credit card,62.63,589.24,1,0
2320,46.0,21.0,Month-to-month,Fiber optic,No,Credit card,52.04,1187.23,1,0
1852,35.0,1.0,Month-to-month,No,Yes,Mailed check,78.8,85.57,2,0
1582,54.0,33.0, One year ,Fiber optic,Yes,Electronic check,52.9,1802.45,0,0
1581,39.0,36.0,Month-to-month,Fiber optic,Yes,Bank transfer,60.98,1877.91,1,1
2264,48.0,5.0,Two year,DSL,Yes,Mailed check,94.54,539.76,3,0
1066,44.0,8.0,Month-to-month,DSL,No,Mailed check,65.18,568.76,5,0
1479,62.0,21.0,Month-to-month,No,No,Bank transfer,91.35,1876.25,3,1
2886,33.0,2.0,Month-to-month,Fiber optic,No,Electronic check,60.42,126.01,3,0
1155,34.0,0.0,Month-to-month,Fiber optic,No,Bank transfer,60.46,0.0,2,1
2078,68.0,0.0,Month-to-month,Fiber optic,No,Credit card,43.6,0.0,4,1
2291,82.0,23.0,Month-to-month,Fiber optic,No,Electronic check,99.35,2566.85,1,0
2357,51.0,13.0,One year,Fiber optic,Yes,Credit card,31.63,377.11,0,0
2619,62.0,2.0,Month-to-month,Fiber optic,No,Mailed check,66.56,150.71,1,0
2330,68.0,16.0,One year,Fiber optic,No,Electronic check,106.59,1656.26,2,1
1538,60.0,10.0,Two year,Fiber optic,No,Bank transfer,46.62,441.97,0,0
2636,31.0,3.0,Two year,Fiber optic,No,Mailed check,54.28,159.37,4,0
1547,42.0,22.0,Month-to-month,DSL,No,Electronic check,73.45,1852.71,1,0
1954,44.0,72.0, Month-to-month ,DSL,No,Bank transfer,74.26,6038.92,4,0
1368,46.0,27.0,One year,Fiber optic,No,Electronic check,92.92,2373.3,1,0
1613,28.0,0.0,One year,DSL,No,Credit card,40.76,0.0,0,1
2686,38.0,0.0,Two year,DSL,No,Credit card,28.24,0.0,2,0
2954,36.0,7.0,Two year,No,No,Bank transfer,55.87,350.5,1,0
2072,46.0,22.0,Two year,Fiber optic,No,Bank transfer,50.86,1237.95,3,0
1456,43.0,17.0,Month-to-month,DSL,No,Mailed check,82.52,1451.85,4,0
1897,47.0,21.0,One year,Fiber optic,No,Bank transfer,50.55,1079.3,0,0
2377,61.0,1.0,Month-to-month,Fiber optic,Yes,Credit card,92.98,98.26,1,0
2958,61.0,27.0,Month-to-month,DSL,Yes,Electronic check,52.7,1340.25,1,1
1361,68.0,7.0,Month-to-month,DSL,No,Mailed check,44.14,346.38,0,0
2369,32.0,8.0,Month-to-month,Fiber optic,No,Bank transfer,77.58,,0,0
2921,56.0,42.0,One year,Fiber optic,Yes,Electronic check,83.21,3781.99,0,0
2468,27.0,43.0,Month-to-month,DSL,No,Electronic check,61.54,2798.83,1,0
2793,55.0,1.0,Month-to-month,DSL,No,Bank transfer,107.11,121.37,1,1
2309,52.0,16.0,Month-to-month,Fiber optic,Yes,Electronic check,80.09,1344.44,4,0
2889,45.0,31.0,One year,Fiber optic,Yes,Mailed check,92.47,2566.14,1,0
1333,35.0,39.0,One year,FIBER OPTIC,Yes,Mailed check,24.71,916.85,4,0
2711,43.0,10.0,Month-to-month,DSL,No,Mailed check,57.18,512.59,0,0
2951,64.0,11.0,Month-to-month,Fiber optic,No,Bank transfer,106.75,1246.04,2,0
2629,58.0,33.0,One year,DSL,No,Credit card,35.03,1114.64,0,0
1156,73.0,29.0,Month-to-month,Fiber optic,Yes,Mailed check,15.0,487.41,2,1
2836,28.0,42.0,Month-to-month,Fiber optic,No,Mailed check,89.1,3493.79,1,0
1448,37.0,3.0,One year,FIBER OPTIC,No,Credit card,64.44,176.09,1,0
2520,63.0,22.0,One year,Fiber optic,No,Credit card,52.98,1099.74,1,0
2742,46.0,16.0,Month-to-month,DSL,No,Mailed check,71.4,1185.86,1,0
2901,40.0,26.0,One year,FIBER OPTIC,Yes,Mailed check,90.54,,1,0
2910,71.0,11.0,Month-to-month,DSL,No,Bank transfer,82.58,1037.06,0,0
2435,49.0,5.0,Month-to-month,Fiber optic,No,Bank transfer,34.14,172.65,0,0
2981,24.0,4.0,Month-to-month,Fiber optic,No,Mailed check,51.67,220.43,1,0
1141,65.0,10.0,Month-to-month,Fiber optic,No,Bank transfer,44.3,385.03,3,0
1346,23.0,3.0,Month-to-month,DSL,No,Bank transfer,96.24,318.71,3,1
1465,,9.0,Month-to-month,Fiber optic,No,Mailed check,70.16,549.2,0,1
2543,38.0,8.0,Month-to-month,Fiber optic,Yes,Bank transfer,76.34,544.17,0,0
2479,38.0,3.0,Two year,Fiber optic,Yes,Bank transfer,72.23,247.99,0,0
2449,45.0,10.0,Two year,DSL,No,Bank transfer,74.58,667.74,3,0
1335,43.0,1.0,Month-to-month,Fiber optic,No,Bank transfer,56.59,50.12,0,0
2736,29.0,16.0,Two year,Fiber optic,No,Electronic check,52.06,944.39,0,0
1369,33.0,38.0,Month-to-month,No,Yes,Bank transfer,69.66,2626.04,1,0
2184,30.0,12.0,Month-to-month,No,No,Bank transfer,15.0,165.08,3,0
1524,34.0,8.0,Two year,No,Yes,Mailed check,105.74,963.56,1,1
1014,19.0,1.0,Two year,DSL,No,Credit card,84.55,,2,0
2130,50.0,32.0,Month-to-month,FIBER OPTIC,Yes,Electronic check,90.18,2851.46,0,1
1334,60.0,5.0,Month-to-month,Fiber optic,No,Credit card,58.43,279.12,1,1
2304,53.0,19.0,Two year,Fiber optic,No,Mailed check,38.39,673.85,3,0
2405,34.0,3.0,Two year,DSL,Yes,Bank transfer,63.78,201.94,3,0
2969,62.0,45.0,Month-to-month,No,Yes,Bank transfer,84.38,3444.34,0,0
2180,48.0,4.0,One year,DSL,No,Electronic check,65.38,294.37,1,0
2660,65.0,2.0,Month-to-month,Fiber optic,Yes,Electronic check,40.86,92.07,1,0
1599,51.0,22.0,Month-to-month,DSL,No,Mailed check,63.42,1467.42,3,0
1851,37.0,17.0,Month-to-month,Fiber optic,No,Bank transfer,70.58,1169.15,1,1
1400,21.0,9.0,One year,DSL,No,Bank transfer,22.77,185.5,2,0
1204,24.0,6.0,Month-to-month,Fiber optic,No,Bank transfer,65.2,442.64,5,1
2416,46.0,0.0,Month-to-month,Fiber optic,No,Mailed check,91.21,0.0,3,0
2055,35.0,7.0,Month-to-month,Fiber optic,Yes,Electronic check,105.41,827.5,2,0
1846,49.0,46.0,Month-to-month,DSL,No,Bank transfer,94.34,4299.84,0,0
1336,33.0,1.0,Month-to-month,No,No,Credit card,89.01,79.58,1,0
1006,69.0,2.0,Month-to-month,Fiber optic,No,Mailed check,40.67,77.24,1,1
2829,45.0,37.0,Two year,Fiber optic,No,Mailed check,35.52,1334.33,5,0
1308,53.0,5.0,Month-to-month,DSL,No,Mailed check,75.73,327.54,1,1
2755,66.0,18.0,Two year,DSL,Yes,Mailed check,106.87,2099.98,2,0
1431,18.0,70.0,Month-to-month,Fiber optic,No,Credit card,29.41,2282.91,1,1
2370,42.0,22.0,Two year,DSL,No,Credit card,57.03,1218.67,2,0
2834,36.0,17.0,One year,DSL,No,Mailed check,60.56,1010.4,0,0
2299,50.0,17.0,Month-to-month,NO,No,Bank transfer,80.9,1220.54,1,0
1778,44.0,32.0,Month-to-month,Fiber optic,Yes,Credit card,48.19,1533.79,1,0
1287,54.0,50.0, Month-to-month ,DSL,No,Mailed check,71.08,3649.69,0,0
2101,18.0,72.0,Month-to-month,DSL,No,Electronic check,71.08,5515.59,3,0
1735,52.0,43.0,One year,DSL,No,Mailed check,90.91,3550.38,1,0
2215,64.0,7.0,Month-to-month,No,No,Bank transfer,25.1,163.46,0,0
1681,28.0,5.0,One year,DSL,Yes,Mailed check,51.91,275.63,2,0
1259,57.0,4.0,Month-to-month,No,Yes,Mailed check,29.17,108.96,1,0
2848,60.0,7.0,Month-to-month,No,No,Electronic check,73.55,475.21,2,1
1614,82.0,7.0,One year,Fiber optic,Yes,Bank transfer,67.76,544.15,1,1
1991,18.0,1.0,Month-to-month,No,No,Mailed check,40.39,39.66,2,1
2528,38.0,11.0,Two year,No,Yes,Mailed check,25.44,280.33,2,0
1363,51.0,0.0,Month-to-month,Fiber optic,No,Mailed check,79.26,0.0,1,1
2799,45.0,16.0,One year,DSL,Yes,Credit card,15.0,262.91,2,0
1771,37.0,30.0,Month-to-month,DSL,No,Mailed check,44.38,1252.99,5,0
1301,37.0,9.0,Month-to-month,Fiber optic,No,Credit card,79.56,671.24,1,1
1398,43.0,14.0,Month-to-month,DSL,Yes,Credit card,113.09,1434.16,1,1
2871,42.0,4.0,Two year,No,No,Mailed check,81.49,282.69,4,0
1382,18.0,18.0,Two year,FIBER OPTIC,Yes,Electronic check,73.69,1401.79,1,0
1532,44.0,27.0,Two year,Fiber optic,No,Bank transfer,88.94,2508.58,1,0
2353,56.0,10.0,Month-to-month,FIBER OPTIC,No,Mailed check,46.8,498.66,1,1
2205,46.0,23.0,Month-to-month,Fiber optic,No,Electronic check,33.4,747.09,2,1
2555,51.0,4.0,Month-to-month,No,No,Electronic check,68.09,236.21,4,0
1501,74.0,6.0,Month-to-month,Fiber optic,No,Mailed check,100.51,522.2,0,1
1940,26.0,1.0,Month-to-month,Fiber optic,No,Credit card,69.2,,1,0
2541,72.0,1.0,One year,Fiber optic,No,Credit card,86.1,94.41,4,0
2255,27.0,72.0,Month-to-month,Fiber optic,No,Credit card,78.27,4938.66,1,0
1997,55.0,3.0,One year,Fiber optic,Yes,Electronic check,87.97,289.03,0,0
2293,58.0,1.0,Month-to-month,Fiber optic,No,Mailed check,76.88,76.81,3,1
1560,49.0,18.0,Month-to-month,Fiber optic,Yes,Credit card,63.49,1117.64,0,0
2515,43.0,6.0,Month-to-month,No,No,Electronic check,70.04,432.7,2,0
2669,53.0,14.0,Month-to-month,Fiber optic,No,Bank transfer,115.56,1493.66,1,1
1318,50.0,15.0,One year,DSL,Yes,Credit card,79.65,1373.54,0,0
1891,53.0,53.0,One year,Fiber optic,Yes,Electronic check,72.15,3780.45,1,0
2152,35.0,19.0,One year,Fiber optic,Yes,Mailed check,65.04,1164.71,2,0
2450,50.0,15.0,Month-to-month,Fiber optic,Yes,Mailed check,77.48,1115.87,2,1
1033,29.0,44.0,Month-to-month,Fiber optic,Yes,Electronic check,661.7,2584.04,2,0
1111,45.0,21.0,Two year,Fiber optic,No,Bank transfer,101.32,2216.26,1,0
2132,69.0,28.0,Two year,Fiber optic,Yes,Electronic check,65.66,1796.07,2,0
1911,48.0,21.0,Month-to-month,DSL,Yes,Electronic check,31.19,591.72,1,0
1272,62.0,52.0,One year,Fiber optic,No,Credit card,64.82,3288.6,5,0
1185,56.0,63.0, Month-to-month ,Fiber optic,Yes,Mailed check,76.79,4189.7,1,1
1807,38.0,2.0,Two year,DSL,Yes,Mailed check,40.89,78.97,5,0
2561,34.0,17.0,Month-to-month,Fiber optic,No,Credit card,43.69,805.3,2,1
2940,50.0,30.0,Two year,No,Yes,Electronic check,97.3,2881.63,1,1
2870,28.0,8.0,One year,Fiber optic,Yes,Bank transfer,64.09,556.17,1,0
2158,60.0,27.0,Month-to-month,DSL,Yes,Bank transfer,43.29,1211.85,2,0
1930,37.0,13.0,Month-to-month,DSL,Yes,Bank transfer,52.81,678.04,1,0
1040,56.0,6.0,Month-to-month,Fiber optic,No,Bank transfer,79.91,412.18,1,1
2866,60.0,11.0,Month-to-month,No,No,Electronic check,49.28,493.3,1,0
2039,61.0,29.0,Two year,No,No,Mailed check,75.63,1938.78,1,0
2042,61.0,61.0,One year,No,No,Electronic check,74.66,4505.38,2,0
2466,70.0,21.0,Month-to-month,Fiber optic,No,Electronic check,82.73,1917.2,0,1
2351,18.0,37.0,Month-to-month,DSL,Yes,Electronic check,59.86,2329.63,3,0
2623,35.0,72.0,Month-to-month,DSL,Yes,Electronic check,74.98,4952.05,1,0
1748,36.0,21.0, One year ,No,No,Bank transfer,15.0,339.88,0,0
1071,68.0,8.0,One year,Fiber optic,No,Bank transfer,46.8,383.45,1,0
2881,69.0,32.0,Month-to-month,DSL,,Credit card,74.54,2400.76,2,0
2137,27.0,17.0, One year ,Fiber optic,No,Credit card,52.79,1029.27,3,0
2209,71.0,8.0,One year,Fiber optic,No,Bank transfer,83.48,689.78,0,1
2556,59.0,7.0,Month-to-month,DSL,Yes,Electronic check,61.89,390.22,1,0
2932,38.0,4.0,Month-to-month,Fiber optic,No,Bank transfer,83.84,385.34,0,1
2840,43.0,2.0,Month-to-month,Fiber optic,No,Electronic check,47.85,99.62,4,1
1738,70.0,10.0,Two year,Fiber optic,Yes,Credit card,107.49,966.46,2,0
2841,18.0,1.0,Two year,No,No,Credit card,49.57,47.37,3,0
1694,54.0,16.0,Two year,FIBER OPTIC,No,Electronic check,45.52,693.14,0,0
1932,23.0,3.0,Month-to-month,DSL,No,Electronic check,77.41,214.71,1,1
2606,47.0,6.0,Month-to-month,No,No,Electronic check,90.74,624.53,1,1
1827,37.0,30.0,Month-to-month,No,No,Electronic check,16.26,476.89,4,0
2462,42.0,1.0,Two year,Fiber optic,No,Bank transfer,73.54,80.82,1,0
1888,54.0,5.0,Two year,Fiber optic,No,Credit card,30.14,153.73,0,0
2282,56.0,10.0,Month-to-month,Fiber optic,Yes,Mailed check,33.89,309.02,1,0
2551,42.0,1.0,One year,DSL,No,Bank transfer,78.41,77.32,7,0
2153,25.0,23.0,One year,DSL,Yes,Mailed check,75.37,1900.8,0,0
1384,34.0,2.0,Two year,NO,,Bank transfer,73.89,127.96,0,0
2925,31.0,9.0,Month-to-month,DSL,Yes,Electronic check,27.03,274.54,2,0
2685,63.0,48.0,Month-to-month,DSL,No,Bank transfer,84.58,4659.97,1,0
2751,55.0,18.0,Month-to-month,Fiber optic,Yes,Credit card,75.7,1526.1,1,1
1386,50.0,25.0,Month-to-month,No,No,Electronic check,77.66,1662.37,1,0
1089,53.0,29.0,One year,Fiber optic,No,Mailed check,62.91,2083.24,0,0
1823,40.0,18.0,Month-to-month,No,No,Bank transfer,15.0,303.23,2,0
1307,36.0,14.0,Month-to-month,DSL,Yes,Mailed check,82.76,1288.84,2,0
1286,43.0,10.0,Month-to-month,DSL,No,Mailed check,88.75,1020.44,1,0
1949,49.0,43.0,Two year,DSL,No,Electronic check,84.16,3218.32,0,0
1146,26.0,66.0,Month-to-month,Fiber optic,Yes,Credit card,53.55,3355.02,4,0
2196,45.0,0.0,One year,DSL,Yes,Credit card,83.27,0.0,1,0
2292,45.0,15.0,Month-to-month,Fiber optic,Yes,Mailed check,43.69,747.56,1,0
1586,38.0,4.0,Month-to-month,Fiber optic,Yes,Mailed check,64.77,289.95,2,1
2513,18.0,5.0,One year,DSL,No,Bank transfer,66.95,305.94,3,0
1724,48.0,26.0,Month-to-month,DSL,Yes,Credit card,54.77,1433.39,1,0
1183,52.0,13.0,Two year,Fiber optic,Yes,Mailed check,46.01,569.8,1,0
1403,46.0,24.0, Month-to-month ,DSL,Yes,Mailed check,83.78,2102.72,0,0
2580,48.0,7.0,Month-to-month,Fiber optic,Yes,Credit card,72.75,571.56,1,1
1058,50.0,1.0,One year,FIBER OPTIC,No,Credit card,84.57,89.98,0,0
1511,44.0,60.0,Month-to-month,Fiber optic,No,Credit card,45.53,2889.07,1,0
1441,45.0,40.0,Month-to-month,No,No,Mailed check,29.59,,2,0
2537,37.0,1.0,One year,Fiber optic,Yes,Credit card,64.64,69.53,1,0
1541,28.0,6.0,One year,Fiber optic,No,Bank transfer,65.06,343.55,2,0
2931,52.0,17.0,One year,No,No,Bank transfer,48.46,873.28,5,1
1711,44.0,45.0,Month-to-month,No,No,Mailed check,30.86,1518.73,2,0
1508,46.0,19.0,Month-to-month,Fiber optic,No,Electronic check,61.7,1134.63,4,0
2212,34.0,3.0,One year,No,No,Mailed check,30.11,81.27,2,1
1477,50.0,9.0,Two year,DSL,Yes,Bank transfer,72.43,675.17,1,0
1909,77.0,23.0,Month-to-month,No,Yes,Bank transfer,35.15,705.32,3,1
2397,30.0,0.0,One year,No,Yes,Electronic check,66.73,0.0,2,0
1633,39.0,7.0,Two year,Fiber optic,No,Credit card,94.46,704.09,1,1
1462,35.0,16.0, Two year ,DSL,Yes,Credit card,76.51,1347.4,4,0
2056,45.0,5.0,Two year,Fiber optic,No,Credit card,30.18,157.23,2,0
2723,54.0,62.0,Month-to-month,Fiber optic,No,Credit card,69.71,4048.33,0,0
2390,52.0,4.0,One year,Fiber optic,Yes,Mailed check,35.05,131.52,0,0
2145,45.0,5.0,One year,Fiber optic,Yes,Bank transfer,88.95,433.57,2,1
2025,52.0,72.0,One year,Fiber optic,No,Electronic check,57.26,3976.29,1,0
1601,31.0,12.0,Two year,No,No,Credit card,71.59,813.92,2,1
1436,69.0,16.0,Month-to-month,DSL,No,Credit card,45.47,619.13,0,0
2247,33.0,22.0,Month-to-month,Fiber optic,Yes,Bank transfer,46.03,876.57,1,0
2630,52.0,8.0,Two year,DSL,No,Electronic check,109.62,881.02,0,0
1194,48.0,4.0,Month-to-month,FIBER OPTIC,No,Electronic check,76.61,345.48,4,1
2867,62.0,13.0,Month-to-month,No,No,Electronic check,58.06,747.89,2,0
1522,35.0,25.0,Month-to-month,Fiber optic,No,Mailed check,103.97,2966.52,1,0
1842,28.0,8.0,Two year,No,No,Credit card,70.67,551.07,1,0
2804,18.0,11.0,Two year,No,Yes,Bank transfer,29.72,308.19,0,0
2366,45.0,67.0,Two year,No,Yes,Credit card,60.11,4015.92,2,0
2113,52.0,14.0,Month-to-month,DSL,No,Credit card,79.45,1268.98,1,0
2406,24.0,5.0,Month-to-month,Fiber optic,Yes,Credit card,82.79,456.73,2,0
2108,36.0,8.0, One year ,Fiber optic,No,Credit card,68.16,594.58,3,0
1387,73.0,4.0,Month-to-month,No,Yes,Electronic check,101.18,389.04,1,0
1956,50.0,46.0,Month-to-month,Fiber optic,No,Mailed check,62.49,3229.86,0,0
2040,70.0,3.0,Two year,Fiber optic,No,Mailed check,26.38,81.44,1,0
2268,34.0,9.0,Month-to-month,Fiber optic,No,Credit card,68.27,655.49,1,1
1768,36.0,13.0,Month-to-month,DSL,No,Credit card,79.79,1162.07,0,1
2387,68.0,16.0,One year,Fiber optic,Yes,Credit card,67.9,1129.28,0,0
1728,37.0,37.0,Month-to-month,Fiber optic,No,Bank transfer,68.86,2263.5,1,0
1265,26.0,4.0,Month-to-month,DSL,No,Electronic check,61.22,280.25,2,1
1568,18.0,27.0,One year,No,No,Bank transfer,48.75,1358.45,2,0
2833,49.0,1.0,Month-to-month,Fiber optic,Yes,Electronic check,62.72,59.33,3,0
1457,29.0,36.0,Month-to-month,DSL,No,Electronic check,135.37,5492.09,0,0
2766,78.0,71.0,Month-to-month,DSL,Yes,Bank transfer,24.2,1853.61,3,0
2728,51.0,10.0,One year,No,No,Credit card,60.16,605.22,2,0
2702,55.0,9.0,Two year,Fiber optic,Yes,Mailed check,27.6,214.75,1,0
2121,63.0,12.0,Month-to-month,Fiber optic,Yes,Electronic check,79.81,846.46,1,1
1273,45.0,5.0,Month-to-month,No,No,Credit card,59.61,312.05,3,0
2313,53.0,19.0,Two year,DSL,No,Bank transfer,55.67,1136.9,3,0
1546,54.0,4.0,One year,DSL,Yes,Electronic check,63.6,218.1,3,0
1611,44.0,7.0,Month-to-month,No,Yes,Credit card,37.74,255.29,3,1
2221,50.0,2.0,Month-to-month,DSL,No,Electronic check,17.15,30.67,1,0
1046,38.0,3.0,Month-to-month,Fiber optic,No,Electronic check,56.52,146.36,2,1
1309,42.0,1.0,Two year,Fiber optic,No,Mailed check,74.49,74.77,2,0
1258,52.0,28.0,Month-to-month,Fiber optic,No,Bank transfer,61.25,1577.28,2,0
2161,79.0,66.0,One year,DSL,No,Electronic check,58.59,3953.84,0,0
1651,62.0,10.0,Month-to-month,Fiber optic,Yes,Electronic check,87.3,838.01,1,1
2346,18.0,26.0,Two year,No,Yes,Bank transfer,65.08,1444.88,2,0
2876,37.0,8.0,One year,No,Yes,Bank transfer,72.34,564.59,2,1
2611,22.0,17.0,One year,Fiber optic,Yes,Credit card,52.25,846.68,1,0
1188,32.0,72.0,Month-to-month,DSL,Yes,Electronic check,15.0,1091.23,2,0
1407,43.0,24.0,Month-to-month,Fiber optic,No,Bank transfer,56.99,1370.93,0,0
1315,45.0,17.0,Month-to-month,DSL,No,Bank transfer,56.95,988.98,0,0
2395,48.0,10.0,Two year,DSL,Yes,Electronic check,105.89,1180.92,1,0
2999,34.0,21.0,Two year,Fiber optic,No,Electronic check,103.51,2469.66,0,0
1429,19.0,0.0,Month-to-month,Fiber optic,Yes,Electronic check,62.8,0.0,2,1
2342,52.0,28.0,Month-to-month,DSL,No,Bank transfer,103.36,2774.23,1,1
2379,72.0,22.0,Month-to-month,Fiber optic,Yes,Credit card,101.32,2363.9,2,0
1192,48.0,9.0,One year,Fiber optic,Yes,Electronic check,38.94,317.32,2,0
1871,33.0,0.0,Month-to-month,DSL,No,Electronic check,111.23,0.0,3,1
2963,55.0,13.0,Month-to-month,DSL,No,Credit card,80.97,1189.54,1,0
1763,44.0,21.0,One year,No,No,Credit card,23.18,552.32,0,0
2284,33.0,35.0,Month-to-month,Fiber optic,No,Credit card,49.8,,1,0
1311,61.0,4.0,Month-to-month,DSL,No,Mailed check,61.75,265.62,4,1
1794,29.0,20.0,Month-to-month,Fiber optic,Yes,Credit card,49.81,944.69,1,0
1018,31.0,5.0,Month-to-month,DSL,No,Credit card,31.26,179.49,1,0
1920,61.0,36.0,One year,Fiber optic,No,Bank transfer,35.33,1433.98,0,0
2483,39.0,6.0,Month-to-month,No,No,Credit card,26.12,175.55,1,1
1017,50.0,7.0,Month-to-month,DSL,Yes,Electronic check,92.05,669.33,0,0
2463,32.0,10.0,Month-to-month,Fiber optic,Yes,Credit card,58.22,590.17,0,1
2690,54.0,24.0, One year ,Fiber optic,No,Mailed check,48.97,1242.16,3,0
2318,36.0,11.0,Month-to-month,DSL,Yes,Credit card,71.7,809.99,2,0
1917,48.0,24.0,Month-to-month,No,No,Credit card,71.64,1816.35,2,1
2367,31.0,10.0,Month-to-month,Fiber optic,Yes,Mailed check,91.5,964.84,1,1
1504,35.0,6.0,One year,Fiber optic,Yes,Bank transfer,95.87,574.97,2,1
2748,48.0,3.0,Month-to-month,Fiber optic,No,Electronic check,56.32,158.52,4,1
2994,50.0,5.0,Month-to-month,Fiber optic,No,Credit card,94.19,443.0,1,0
2211,35.0,36.0,Two year,No,No,Mailed check,63.57,2517.77,0,0
2455,19.0,3.0,One year,Fiber optic,Yes,Mailed check,91.78,267.14,2,0
2971,18.0,0.0,Month-to-month,Fiber optic,Yes,Credit card,64.34,0.0,3,1
2090,44.0,7.0,Month-to-month,FIBER OPTIC,No,Credit card,59.22,449.57,2,1
1421,71.0,14.0, Two year ,DSL,Yes,Mailed check,29.86,459.87,1,0
2104,62.0,35.0,Month-to-month,DSL,No,Electronic check,60.23,1930.01,3,1
2260,53.0,1.0,Month-to-month,Fiber optic,Yes,Mailed check,15.0,14.27,1,0
1665,47.0,24.0,Month-to-month,Fiber optic,Yes,Electronic check,90.89,1864.11,2,1
1371,52.0,7.0,Month-to-month,DSL,No,Bank transfer,112.26,769.55,2,0
1994,30.0,3.0,Month-to-month,Fiber optic,Yes,Electronic check,60.29,166.75,1,0
2757,59.0,2.0,One year,No,Yes,Bank transfer,15.0,32.42,0,0
2530,47.0,29.0,Month-to-month,DSL,Yes,Electronic check,30.49,904.59,4,0
1880,83.0,40.0,Month-to-month,Fiber optic,Yes,Credit card,73.08,3258.5,0,0
1564,63.0,25.0,Month-to-month,DSL,Yes,Electronic check,89.75,1985.08,0,0
1542,53.0,12.0,Month-to-month,DSL,No,Credit card,91.76,1187.66,4,0
2776,36.0,33.0,Month-to-month,DSL,No,Mailed check,99.08,3553.08,5,0
2636,31.0,3.0,Two year,Fiber optic,No,Mailed check,54.28,159.37,4,0
2297,41.0,21.0,Month-to-month,DSL,Yes,Bank transfer,105.24,2386.13,3,0
2124,70.0,26.0,Month-to-month,DSL,No,Credit card,67.03,1629.29,0,0
2062,62.0,17.0,Month-to-month,No,No,Mailed check,66.14,1097.57,1,1
1427,55.0,1.0,Two year,DSL,No,Mailed check,82.4,76.04,2,0
2170,56.0,12.0,One year,No,No,Electronic check,33.25,353.22,1,0
1283,26.0,22.0, One year ,DSL,Yes,Credit card,28.08,658.4,2,0
1349,42.0,7.0,Month-to-month,DSL,No,Mailed check,45.69,290.38,2,0
1304,45.0,4.0, Two year ,DSL,No,Electronic check,55.17,239.91,1,0
1353,43.0,29.0,Month-to-month,DSL,No,Mailed check,15.0,,4,0
2173,44.0,36.0,Month-to-month,Fiber optic,No,Mailed check,74.61,2785.13,1,0
1417,47.0,24.0, Two year ,Fiber optic,No,Bank transfer,49.25,1176.14,4,0
2312,66.0,34.0,Month-to-month,DSL,No,Credit card,39.31,1143.19,1,0
2735,21.0,1.0,Month-to-month,DSL,No,Mailed check,64.77,57.97,2,1
1757,48.0,9.0,One year,Fiber optic,Yes,Credit card,25.45,217.17,0,0
1624,69.0,3.0,Month-to-month,DSL,No,Bank transfer,66.14,192.01,2,0
1512,41.0,7.0,One year,DSL,No,Mailed check,98.78,735.27,1,0
1109,44.0,38.0,One year,No,Yes,Credit card,59.43,2577.46,2,0
1663,37.0,22.0,One year,DSL,No,Electronic check,37.71,916.93,0,0
1576,49.0,26.0,Month-to-month,DSL,No,Electronic check,57.57,1490.63,0,0
1849,37.0,37.0,One year,Fiber optic,No,Credit card,77.5,2861.76,1,0
1981,51.0,12.0,One year,No,Yes,Mailed check,57.52,725.65,1,0
1249,51.0,19.0,Month-to-month,No,Yes,Credit card,57.24,948.79,1,1
2962,53.0,4.0,Two year,DSL,No,Mailed check,60.68,228.23,4,0
2480,56.0,27.0, Month-to-month ,No,No,Mailed check,35.53,1038.39,1,0
2883,36.0,16.0,One year,No,No,Mailed check,52.5,848.88,2,0
1160,30.0,0.0,Month-to-month,DSL,No,Credit card,50.35,0.0,1,0
1530,55.0,3.0,Two year,Fiber optic,No,Credit card,49.81,136.52,1,0
1996,72.0,40.0,One year,DSL,Yes,Mailed check,90.54,3753.96,3,0
2873,57.0,63.0,Month-to-month,Fiber optic,Yes,Mailed check,46.3,3037.55,2,0
2129,50.0,10.0,Month-to-month,DSL,No,Electronic check,67.79,750.44,1,1
2784,46.0,12.0,One year,Fiber optic,,Mailed check,75.79,947.99,5,0
2575,44.0,46.0,Month-to-month,Fiber optic,No,Credit card,89.34,4590.98,4,0
1952,26.0,7.0,Two year,No,No,Bank transfer,19.47,128.76,1,0
2624,73.0,12.0,One year,No,No,Credit card,74.01,824.09,0,0
1739,60.0,33.0,Month-to-month,Fiber optic,No,Credit card,54.96,1588.59,1,0
1678,59.0,6.0,Month-to-month,Fiber optic,Yes,Mailed check,36.97,194.38,2,1
2317,40.0,9.0,Month-to-month,DSL,Yes,Credit card,36.16,278.83,1,0
2341,45.0,10.0,Month-to-month,No,No,Mailed check,15.0,142.78,1,0
1041,48.0,25.0,Two year,No,No,Electronic check,49.14,1321.27,2,0
1256,64.0,15.0,Month-to-month,DSL,No,Credit card,92.27,1444.54,0,0
1212,59.0,3.0,Month-to-month,DSL,No,Mailed check,34.57,110.25,2,1
2797,33.0,9.0,One year,Fiber optic,Yes,Bank transfer,27.19,224.36,1,0
2826,29.0,14.0,Month-to-month,No,No,Bank transfer,55.44,789.64,3,0
2426,76.0,6.0,Month-to-month,FIBER OPTIC,No,Electronic check,15.0,86.61,2,0
1731,30.0,31.0,One year,Fiber optic,Yes,Electronic check,62.32,2150.54,1,0
1235,55.0,32.0,One year,Fiber optic,Yes,Bank transfer,94.29,3264.34,1,0
2120,62.0,1.0,Month-to-month,DSL,No,Mailed check,49.79,48.07,0,0
2773,48.0,55.0,Two year,DSL,No,Bank transfer,41.81,2250.4,3,0
2274,63.0,33.0,Month-to-month,No,No,Mailed check,63.1,2040.41,1,0
2467,51.0,6.0,One year,Fiber optic,No,Credit card,65.49,449.83,1,0
2148,69.0,65.0,One year,Fiber optic,No,Electronic check,30.87,1965.57,3,0
1021,42.0,53.0,Month-to-month,Fiber optic,No,Electronic check,67.78,3122.28,2,0
2672,39.0,7.0,Month-to-month,DSL,Yes,Mailed check,71.81,460.75,0,0
2655,41.0,66.0,Month-to-month,Fiber optic,Yes,Mailed check,64.67,4432.64,2,0
2772,36.0,17.0,Month-to-month,No,Yes,Electronic check,66.55,1115.77,0,0
1510,49.0,2.0,Two year,DSL,Yes,Credit card,27.49,55.45,3,0
2722,56.0,21.0,Month-to-month,Fiber optic,Yes,Electronic check,44.87,861.56,2,1
1998,36.0,2.0,Two year,Fiber optic,No,Electronic check,53.51,111.89,0,0
2982,36.0,6.0,Two year,DSL,No,Credit card,56.4,305.16,0,0
2641,66.0,24.0,Month-to-month,Fiber optic,Yes,Mailed check,77.65,2085.38,1,1
1498,32.0,11.0,Month-to-month,DSL,No,Electronic check,93.49,957.14,3,1
2638,76.0,3.0,Month-to-month,Fiber optic,No,Credit card,80.01,216.65,1,0
1070,50.0,37.0,Month-to-month,Fiber optic,No,Electronic check,56.0,2070.59,2,1
1367,45.0,22.0,Two year,DSL,Yes,Credit card,59.01,1131.09,1,0
2115,50.0,1.0,Month-to-month,DSL,No,Mailed check,61.78,57.74,0,0
2814,41.0,29.0,One year,Fiber optic,Yes,Credit card,43.71,1346.3,1,0
2918,42.0,3.0,Month-to-month,Fiber optic,No,Credit card,59.32,183.49,3,0
1020,67.0,33.0,Two year,DSL,Yes,Credit card,65.85,2406.18,1,0
2447,54.0,12.0,Month-to-month,Fiber optic,No,Mailed check,47.83,537.31,1,1
2163,20.0,25.0,Two year,DSL,No,Electronic check,54.83,1184.22,0,0
1612,49.0,12.0,Two year,Fiber optic,Yes,Electronic check,40.36,434.86,0,0
1765,34.0,0.0,Month-to-month,Fiber optic,No,Bank transfer,82.9,0.0,1,1
2707,73.0,21.0,Month-to-month,DSL,No,Mailed check,83.97,1878.32,1,0
2752,35.0,2.0,One year,No,No,Credit card,22.45,42.02,3,0
1736,49.0,13.0,Month-to-month,FIBER OPTIC,No,Bank transfer,50.11,688.46,2,0
2653,40.0,4.0,Month-to-month,Fiber optic,No,Electronic check,81.36,301.05,2,1
1941,58.0,11.0,Two year,Fiber optic,Yes,Credit card,88.63,1064.76,1,0
1128,46.0,9.0,One year,Fiber optic,No,Electronic check,60.46,596.64,0,0
1943,44.0,19.0,One year,No,Yes,Mailed check,43.04,902.82,0,0
1402,45.0,35.0,Month-to-month,Fiber optic,No,Mailed check,15.61,576.88,1,0
2322,44.0,10.0,Month-to-month,Fiber optic,No,Credit card,85.68,961.26,1,1
2596,54.0,50.0,Month-to-month,FIBER OPTIC,No,Credit card,55.78,3094.74,0,0
1921,30.0,4.0,Month-to-month,Fiber optic,No,Mailed check,91.45,336.01,2,1
1579,62.0,2.0,One year,DSL,No,Mailed check,47.2,102.09,1,0
1734,60.0,39.0,Month-to-month,Fiber optic,No,Bank transfer,45.94,1803.53,1,0
2902,63.0,11.0,Month-to-month,FIBER OPTIC,No,Electronic check,55.53,558.09,3,1
2939,46.0,9.0,Month-to-month,Fiber optic,Yes,Electronic check,62.25,530.78,0,0
1664,34.0,4.0,Month-to-month,Fiber optic,No,Bank transfer,70.85,254.08,0,0
1453,53.0,32.0,Month-to-month,DSL,Yes,Mailed check,72.49,2635.31,3,0
1798,45.0,6.0,Month-to-month,No,Yes,Mailed check,68.65,415.71,5,0
2812,69.0,1.0,Month-to-month,Fiber optic,No,Bank transfer,78.36,84.55,1,0
2832,59.0,1.0,Month-to-month,Fiber optic,No,Mailed check,88.15,97.31,2,1
1519,56.0,67.0,One year,Fiber optic,Yes,Electronic check,70.8,5023.04,1,0
2500,57.0,38.0,Month-to-month,No,No,Bank transfer,19.48,796.25,2,0
1177,67.0,7.0,Month-to-month,DSL,No,Bank transfer,97.59,726.76,1,0
2676,63.0,17.0,Month-to-month,Fiber optic,No,Credit card,92.3,1591.54,2,1
1953,67.0,32.0,Month-to-month,DSL,No,Bank transfer,50.06,1450.39,1,1
1787,52.0,28.0,Month-to-month,DSL,No,Bank transfer,116.05,3073.72,1,1
1312,57.0,40.0,Month-to-month,Fiber optic,Yes,Credit card,106.73,3989.86,1,0
1341,49.0,36.0,One year,No,No,Bank transfer,103.2,3965.27,2,0
1102,40.0,5.0,One year,No,No,Electronic check,95.45,416.49,0,0
2658,30.0,18.0,Month-to-month,No,Yes,Mailed check,85.48,1715.02,1,0
1688,56.0,5.0,Month-to-month,Fiber optic,Yes,Electronic check,63.3,277.16,3,0
2352,53.0,11.0,Month-to-month,Fiber optic,No,Credit card,67.07,737.2,4,1
1047,61.0,30.0,One year,Fiber optic,Yes,Mailed check,74.25,2049.99,0,0
1770,56.0,33.0,Month-to-month,DSL,No,Bank transfer,72.69,2072.64,1,0
1496,29.0,27.0,Month-to-month,NO,No,Credit card,86.49,2330.73,1,1
2253,51.0,56.0,One year,Fiber optic,Yes,Bank transfer,61.46,3280.58,2,0
1171,33.0,0.0,Month-to-month,DSL,Yes,Electronic check,64.72,0.0,4,0
2764,41.0,3.0,Month-to-month,Fiber optic,No,Credit card,51.51,163.7,1,1
2691,38.0,8.0,Month-to-month,DSL,No,Electronic check,81.48,694.81,6,0
1108,49.0,35.0,Month-to-month,Fiber optic,No,Bank transfer,88.33,3266.24,0,0
2418,68.0,7.0,Month-to-month,Fiber optic,No,Credit card,46.64,296.43,1,0
2916,33.0,23.0,One year,DSL,Yes,Electronic check,38.72,794.66,0,0
1573,42.0,6.0,One year,DSL,No,Mailed check,19.09,109.13,0,0
1790,51.0,18.0,One year,Fiber optic,No,Mailed check,68.93,1330.75,0,0
2667,37.0,34.0,Two year,Fiber optic,No,Mailed check,46.53,1780.43,5,0
1781,25.0,22.0,Month-to-month,DSL,No,Mailed check,51.35,999.74,1,0
1405,54.0,12.0,One year,DSL,No,Bank transfer,65.71,693.94,2,0
1279,39.0,2.0,One year,No,No,Mailed check,89.9,152.88,0,0
1285,18.0,7.0,One year,No,No,Electronic check,94.8,617.67,1,0
2730,42.0,3.0,One year,DSL,No,Electronic check,70.58,224.17,1,0
2856,66.0,72.0,Month-to-month,DSL,Yes,Mailed check,31.26,2119.35,2,0
2823,35.0,10.0,One year,Fiber optic,No,Credit card,86.9,744.74,2,0
2640,45.0,24.0,Month-to-month,DSL,No,Credit card,110.19,2946.53,2,0
2441,63.0,41.0,One year,DSL,Yes,Mailed check,96.36,3903.37,2,0
2140,41.0,1.0,One year,DSL,No,Credit card,35.28,39.89,1,0
2706,55.0,4.0,Month-to-month,DSL,No,Bank transfer,66.99,278.72,1,1
1129,37.0,1.0,One year,No,No,Electronic check,62.34,68.77,1,0
1313,57.0,7.0,One year,DSL,No,Electronic check,41.44,265.63,0,0
1666,41.0,5.0,Month-to-month,DSL,No,Credit card,44.1,233.08,1,1
1251,59.0,4.0,Month-to-month,Fiber optic,No,Mailed check,47.26,163.23,1,1
2927,41.0,13.0,Month-to-month,No,No,Credit card,80.66,1105.55,0,0
2991,56.0,2.0,Month-to-month,No,No,Mailed check,90.58,207.47,4,1
2092,56.0,5.0,Month-to-month,Fiber optic,Yes,Credit card,101.78,452.19,2,1
2843,46.0,16.0,Month-to-month,Fiber optic,No,Mailed check,56.37,932.12,6,1
2333,67.0,26.0,Month-to-month,Fiber optic,No,Mailed check,100.35,2321.8,2,1
1603,65.0,6.0,Two year,Fiber optic,No,Mailed check,15.0,94.82,3,0
1127,37.0,7.0,One year,DSL,Yes,Credit card,122.7,832.71,1,0
1644,41.0,61.0,Month-to-month,Fiber optic,Yes,Electronic check,25.92,1678.35,1,0
1525,18.0,6.0,Month-to-month,DSL,No,Mailed check,55.68,299.82,1,0
1169,34.0,72.0,Month-to-month,DSL,No,Electronic check,64.44,4772.68,1,0
2724,31.0,3.0,Two year,DSL,Yes,Bank transfer,48.58,166.52,0,0
1544,18.0,10.0,Month-to-month,DSL,No,Bank transfer,62.23,693.21,2,0
2936,49.0,5.0,Month-to-month,Fiber optic,No,Bank transfer,92.97,498.73,0,1
2754,53.0,28.0,Month-to-month,No,No,Electronic check,56.76,1789.65,1,0
1209,85.0,44.0,Month-to-month,No,Yes,Bank transfer,39.6,1886.05,3,0
2539,18.0,19.0,Two year,Fiber optic,No,Mailed check,67.45,1179.84,4,0
2223,51.0,47.0,Month-to-month,DSL,No,Bank transfer,44.9,2377.4,3,1
2684,27.0,9.0,One year,Fiber optic,Yes,Mailed check,54.75,523.75,1,0
1928,68.0,65.0,Month-to-month,DSL,Yes,Mailed check,73.71,4446.01,1,0
1200,50.0,33.0,Two year,Fiber optic,No,Mailed check,79.65,2240.58,1,0
1672,40.0,14.0,One year,No,No,Bank transfer,83.99,1323.1,2,0
1761,47.0,12.0,Month-to-month,Fiber optic,No,Mailed check,66.19,863.33,3,0
1377,48.0,46.0,Month-to-month,No,Yes,Mailed check,17.76,866.05,0,0
1658,48.0,39.0,Month-to-month,Fiber optic,Yes,Bank transfer,77.32,3109.38,1,0
2727,57.0,17.0,One year,Fiber optic,Yes,Bank transfer,59.49,1050.49,2,0
1743,45.0,42.0,Month-to-month,No,No,Credit card,69.99,3112.21,1,0
2882,26.0,23.0,Month-to-month,Fiber optic,No,Electronic check,55.67,1150.51,1,0
1473,66.0,11.0,One year,DSL,Yes,Mailed check,72.96,826.77,5,0
1432,41.0,12.0,Month-to-month,DSL,No,Bank transfer,18.7,249.27,0,0
1653,28.0,14.0,Month-to-month,DSL,No,Electronic check,82.47,1003.21,3,1
2625,61.0,15.0, Month-to-month ,Fiber optic,No,Electronic check,77.61,1202.9,1,0
1905,46.0,9.0,Month-to-month,No,Yes,Mailed check,106.93,832.41,2,0
2887,51.0,7.0,One year,Fiber optic,No,Bank transfer,64.51,393.81,2,0
1887,40.0,10.0,Month-to-month,DSL,No,Electronic check,83.91,889.92,0,0
2486,24.0,3.0,Two year,No,No,Electronic check,66.03,194.26,3,1
1067,60.0,2.0,Two year,DSL,Yes,Bank transfer,15.0,32.96,1,0
2810,38.0,17.0,Month-to-month,DSL,No,Credit card,35.31,601.76,2,0
2955,66.0,0.0,Month-to-month,Fiber optic,No,Mailed check,23.22,0.0,3,0
1419,46.0,17.0,Month-to-month,Fiber optic,Yes,Credit card,80.83,1560.25,3,0
1486,35.0,7.0,Month-to-month,Fiber optic,No,Bank transfer,55.92,387.48,1,1
2400,29.0,4.0,Month-to-month,Fiber optic,Yes,Electronic check,15.0,67.76,1,0
2697,35.0,55.0,Month-to-month,DSL,No,Credit card,99.08,5158.93,2,1
1325,27.0,11.0,Two year,DSL,Yes,Credit card,62.7,588.47,0,0
2272,29.0,9.0,Two year,No,No,Credit card,47.82,443.67,1,0
1553,49.0,28.0,Month-to-month,Fiber optic,No,Credit card,72.79,2113.14,2,0
1015,37.0,2.0,One year,Fiber optic,No,Mailed check,45.23,77.37,1,0
1158,27.0,3.0,One year,Fiber optic,No,Bank transfer,100.72,335.58,0,0
1856,33.0,28.0,Month-to-month,DSL,No,Mailed check,43.04,1111.56,2,0
2968,42.0,15.0,Two year,Fiber optic,Yes,Mailed check,64.27,1053.33,0,0
2620,47.0,8.0,Month-to-month,Fiber optic,No,Credit card,67.68,591.98,0,1
1193,26.0,5.0,Month-to-month,No,Yes,Electronic check,35.69,188.16,0,0
2413,77.0,10.0,Month-to-month,DSL,Yes,Bank transfer,56.75,498.24,2,0
2044,42.0,17.0,Two year,Fiber optic,Yes,Credit card,48.02,793.01,1,0
2526,73.0,23.0,Month-to-month,Fiber optic,No,Bank transfer,106.83,2303.9,2,0
2105,29.0,4.0,Month-to-month,No,No,Electronic check,60.05,251.09,3,1
2626,38.0,41.0,Two year,No,Yes,Bank transfer,72.27,2554.91,0,0
1707,71.0,3.0,Month-to-month,Fiber optic,No,Electronic check,68.16,219.06,2,0
2344,,23.0,Month-to-month,Fiber optic,No,Electronic check,53.51,1309.04,4,0
1327,57.0,13.0,Month-to-month,DSL,Yes,Bank transfer,78.71,1006.24,4,0
2224,42.0,8.0,Month-to-month,No,No,Credit card,72.68,644.16,1,1
1099,41.0,14.0,Month-to-month,DSL,No,Bank transfer,61.21,971.42,1,0
1328,54.0,14.0,Month-to-month,Fiber optic,No,Credit card,88.74,1403.21,1,0
2979,51.0,49.0,Month-to-month,DSL,No,Credit card,40.04,1720.94,3,0
1923,34.0,30.0,Month-to-month,Fiber optic,Yes,Mailed check,41.61,1392.1,3,0
1595,37.0,15.0,Month-to-month,No,Yes,Electronic check,73.99,1075.42,2,1
2259,44.0,9.0,Month-to-month,No,No,Credit card,76.98,654.99,0,0
1951,50.0,27.0,Two year,DSL,Yes,Credit card,113.63,2629.11,1,0
1824,38.0,6.0,Month-to-month,DSL,Yes,Mailed check,70.01,362.54,1,0
2438,52.0,2.0,Month-to-month,Fiber optic,Yes,Electronic check,97.2,221.62,1,0
2399,35.0,18.0,Month-to-month,No,Yes,Bank transfer,124.8,1929.04,2,0
2388,45.0,11.0,Month-to-month,DSL,Yes,Mailed check,74.74,797.02,2,0
2917,36.0,10.0,Month-to-month,No,No,Mailed check,15.0,153.37,0,0
1727,50.0,34.0,Month-to-month,Fiber optic,No,Credit card,93.2,3269.35,0,0
2665,45.0,5.0,Month-to-month,Fiber optic,Yes,Mailed check,36.65,192.69,1,0
2048,67.0,5.0,Month-to-month,DSL,No,Bank transfer,15.0,81.45,2,0
2203,53.0,48.0,One year,DSL,No,Bank transfer,71.61,2929.34,3,0
1549,36.0,2.0,One year,DSL,No,Mailed check,65.11,131.02,0,0
2061,18.0,70.0,Month-to-month,Fiber optic,Yes,Credit card,80.67,5233.77,1,0
2599,34.0,10.0,Month-to-month,DSL,Yes,Electronic check,108.28,1018.68,0,0
1966,35.0,38.0,Two year,Fiber optic,No,Bank transfer,39.86,1579.23,0,0
2912,55.0,10.0,Two year,Fiber optic,No,Mailed check,69.14,621.78,0,0
1182,29.0,28.0,Month-to-month,DSL,Yes,Credit card,45.45,1275.48,2,0
1374,77.0,34.0,Two year,Fiber optic,No,Bank transfer,49.79,1542.78,3,0
2546,30.0,8.0,Month-to-month,Fiber optic,No,Bank transfer,76.99,637.41,1,1
2335,40.0,5.0,Month-to-month,DSL,No,Mailed check,52.47,226.58,1,0
2419,53.0,1.0,One year,FIBER OPTIC,No,Mailed check,61.46,67.69,2,0
2303,34.0,2.0,Month-to-month,Fiber optic,No,Bank transfer,61.9,123.65,2,0
1684,27.0,6.0,Month-to-month,DSL,Yes,Mailed check,15.0,90.83,2,0
2959,48.0,0.0,One year,Fiber optic,No,Bank transfer,98.2,0.0,2,0
2559,41.0,1.0,Month-to-month,No,Yes,Bank transfer,73.14,65.09,1,0
2689,41.0,29.0,Month-to-month,Fiber optic,No,Mailed check,66.97,2008.93,0,0
1172,44.0,46.0,Month-to-month,Fiber optic,Yes,Mailed check,44.67,1962.55,1,0
2023,77.0,15.0,Month-to-month,DSL,No,Electronic check,52.19,756.3,0,0
2811,47.0,4.0,Two year,DSL,Yes,Electronic check,55.07,200.7,1,0
1330,45.0,18.0,Month-to-month,Fiber optic,No,Bank transfer,111.39,2121.85,1,0
1487,29.0,6.0,Month-to-month,DSL,Yes,Bank transfer,15.0,76.59,2,1
2339,48.0,20.0,Two year,No,No,Bank transfer,61.42,1256.02,1,0
2319,42.0,23.0,Month-to-month,Fiber optic,Yes,Electronic check,44.41,1106.12,1,0
2412,52.0,17.0,Month-to-month,DSL,No,Credit card,20.11,379.59,2,0
1708,18.0,24.0,Two year,No,Yes,Bank transfer,40.38,1055.59,1,0
2633,60.0,22.0,One year,DSL,Yes,Mailed check,41.78,971.17,2,0
1593,50.0,51.0,Month-to-month,DSL,Yes,Electronic check,50.38,2804.93,0,0
1744,53.0,10.0,Month-to-month,DSL,No,Bank transfer,76.83,727.25,1,0
1469,36.0,10.0, Month-to-month ,Fiber optic,No,Mailed check,59.07,538.2,1,0
2740,43.0,8.0,Month-to-month,No,No,Electronic check,51.53,438.95,4,1
2617,34.0,10.0,Month-to-month,Fiber optic,No,Bank transfer,52.35,601.57,2,0
2930,27.0,18.0,Month-to-month,Fiber optic,No,Electronic check,46.35,849.95,0,1
2844,47.0,21.0,Month-to-month,DSL,No,Electronic check,82.2,1536.07,4,1
1321,54.0,9.0,One year,Fiber optic,No,Mailed check,70.46,618.95,0,0
2894,44.0,5.0,One year,No,Yes,Mailed check,15.0,73.0,2,0
2442,48.0,2.0,Two year,Fiber optic,Yes,Mailed check,83.28,172.75,3,0
2067,62.0,2.0,Month-to-month,Fiber optic,Yes,Mailed check,41.47,93.18,3,0
2300,35.0,25.0,One year,No,No,Mailed check,44.45,1270.22,1,0
2699,48.0,3.0,One year,DSL,No,Credit card,87.76,293.89,2,1
2595,30.0,36.0,One year,Fiber optic,Yes,Credit card,16.12,502.67,1,0
2003,35.0,3.0,Month-to-month,DSL,Yes,Mailed check,15.0,51.62,1,0
1782,51.0,19.0,Two year,DSL,No,Bank transfer,37.7,761.33,3,0
1164,59.0,9.0,Month-to-month,DSL,No,Mailed check,47.69,480.09,0,0
1460,74.0,22.0,Two year,Fiber optic,No,Electronic check,46.55,1010.66,0,0
1789,20.0,28.0,Month-to-month,Fiber optic,No,Mailed check,45.59,1429.54,0,0
1250,26.0,72.0,One year,DSL,No,Credit card,49.64,3201.22,0,0
2621,23.0,2.0,One year,DSL,Yes,Mailed check,38.04,69.7,0,0
1060,38.0,25.0,Month-to-month,Fiber optic,No,Credit card,75.2,1956.17,4,0
1201,53.0,20.0,Two year,DSL,No,Mailed check,54.69,1075.18,3,0
2380,55.0,23.0,Month-to-month,Fiber optic,No,Bank transfer,103.22,2029.72,2,1
2567,53.0,8.0,Month-to-month,No,Yes,Electronic check,137.95,1042.42,0,0
1779,54.0,15.0,Month-to-month,DSL,Yes,Mailed check,70.58,1134.47,1,0
1399,64.0,14.0,Two year,DSL,No,Bank transfer,45.63,598.53,1,0
1801,37.0,6.0,Month-to-month,DSL,No,Credit card,85.5,439.46,3,1
2654,50.0,3.0,Month-to-month,DSL,No,Electronic check,893.0,253.0,0,1
1813,48.0,6.0,Month-to-month,Fiber optic,No,Credit card,73.71,381.93,0,1
2806,49.0,16.0,Month-to-month,Fiber optic,No,Credit card,70.99,1039.54,4,1
2796,40.0,18.0,Two year,Fiber optic,Yes,Bank transfer,98.78,1790.95,1,0
1028,36.0,72.0,Two year,Fiber optic,No,Mailed check,94.87,6107.02,0,0
1641,70.0,31.0,Month-to-month,DSL,Yes,Bank transfer,98.89,3107.69,1,0
1752,30.0,11.0,One year,No,Yes,Bank transfer,113.71,1096.96,2,0
1221,18.0,23.0,Month-to-month,Fiber optic,Yes,Bank transfer,75.5,1747.85,1,0
1584,48.0,54.0,Two year,Fiber optic,Yes,Credit card,60.62,2974.97,0,0
1944,73.0,43.0,Month-to-month,No,No,Credit card,83.56,4119.94,1,0
1036,48.0,18.0,Month-to-month,Fiber optic,Yes,Bank transfer,44.14,716.66,1,0
1945,29.0,43.0,Month-to-month,No,No,Electronic check,49.06,1838.73,1,0
2482,71.0,22.0,Month-to-month,Fiber optic,No,Bank transfer,80.24,1781.73,3,0
1451,59.0,41.0,Month-to-month,Fiber optic,No,Electronic check,84.15,3488.71,0,1
2780,24.0,2.0,One year,Fiber optic,No,Bank transfer,33.94,76.98,6,0
2877,42.0,10.0,One year,DSL,Yes,Mailed check,71.24,730.32,3,0
1126,30.0,44.0,Month-to-month,DSL,No,Credit card,146.08,5611.92,1,0
2306,45.0,22.0,One year,DSL,No,Electronic check,22.79,489.34,0,0
1347,24.0,42.0,Two year,DSL,No,Bank transfer,31.68,1312.53,0,0
1907,56.0,4.0,Month-to-month,No,Yes,Credit card,91.92,346.76,0,0
2827,66.0,13.0,Month-to-month,DSL,No,Bank transfer,15.6,200.76,4,0
1343,37.0,24.0,Month-to-month,DSL,No,Electronic check,84.02,2071.59,3,0
1705,54.0,2.0,One year,DSL,Yes,Mailed check,26.82,57.73,0,0
1903,64.0,22.0,Month-to-month,DSL,Yes,Mailed check,53.53,1237.14,2,1
2423,32.0,16.0,One year,Fiber optic,No,Mailed check,59.06,1000.42,2,1
1116,44.0,19.0,Two year,No,No,Credit card,51.89,1075.03,6,0
1104,43.0,9.0,Month-to-month,No,Yes,Bank transfer,86.8,684.67,1,0
1925,22.0,24.0,Month-to-month,DSL,No,Electronic check,42.18,877.45,1,0
2217,49.0,7.0,Month-to-month,Fiber optic,Yes,Mailed check,81.31,598.29,0,0
1379,33.0,72.0,One year,No,No,Credit card,97.27,6706.38,1,0
1535,46.0,18.0,One year,Fiber optic,Yes,Mailed check,37.61,773.47,1,0
1737,60.0,2.0,Two year,Fiber optic,Yes,Bank transfer,87.51,196.18,0,0
1550,46.0,0.0,Month-to-month,Fiber optic,No,Mailed check,80.47,0.0,2,0
1816,49.0,56.0,Month-to-month,No,No,Credit card,62.12,3697.23,1,0
1351,67.0,1.0,Month-to-month,Fiber optic,No,Credit card,95.76,83.54,2,1
1293,58.0,28.0,Month-to-month,DSL,No,Mailed check,42.74,1256.15,2,1
2920,18.0,60.0,Month-to-month,Fiber optic,Yes,Bank transfer,68.39,3972.31,1,0
2257,51.0,70.0,One year,Fiber optic,No,Bank transfer,51.76,3605.47,2,0
2177,44.0,53.0,Month-to-month,DSL,No,Credit card,58.68,3305.28,1,0
2795,34.0,35.0,Month-to-month,Fiber optic,No,Bank transfer,65.58,2442.09,3,0
1884,55.0,28.0,Month-to-month,No,No,Electronic check,86.15,2725.51,1,0
1091,60.0,24.0,Month-to-month,DSL,Yes,Electronic check,55.16,1516.72,1,0
2250,50.0,4.0,Month-to-month,Fiber optic,No,Electronic check,44.84,183.99,0,1
1848,35.0,35.0,Month-to-month,Fiber optic,No,Electronic check,56.49,2154.67,1,0
1023,24.0,47.0,Two year,Fiber optic,Yes,Electronic check,74.9,3639.28,2,0
1590,46.0,15.0,Month-to-month,Fiber optic,No,Mailed check,71.96,1168.61,1,0
1310,42.0,1.0,One year,Fiber optic,Yes,Electronic check,51.1,50.82,2,0
1203,61.0,22.0,Month-to-month,Fiber optic,,Mailed check,58.98,1363.66,4,0
1755,84.0,8.0,Month-to-month,Fiber optic,No,Mailed check,65.68,520.32,4,0
1090,46.0,60.0,Month-to-month,Fiber optic,No,Mailed check,37.01,1891.26,0,0
2081,40.0,20.0,Month-to-month,Fiber optic,No,Credit card,24.22,443.04,1,0
1523,54.0,19.0,Month-to-month,DSL,Yes,Mailed check,26.74,528.75,1,0
1993,35.0,33.0,Month-to-month,Fiber optic,No,Mailed check,84.6,3190.7,1,0
1796,44.0,13.0,Month-to-month,DSL,No,Bank transfer,47.84,589.55,1,1
2155,60.0,38.0,Month-to-month,DSL,No,Credit card,57.87,2067.47,1,0
2097,18.0,3.0,Month-to-month,Fiber optic,No,Credit card,41.25,138.55,1,1
1682,37.0,15.0,Month-to-month,Fiber optic,Yes,Electronic check,31.04,517.32,0,0
2254,63.0,34.0,Month-to-month,DSL,Yes,Mailed check,94.16,3533.02,2,0
2471,36.0,5.0,Two year,No,No,Electronic check,91.17,478.18,3,0
2671,39.0,6.0,Month-to-month,Fiber optic,Yes,Electronic check,45.52,240.83,1,0
2589,46.0,8.0,One year,Fiber optic,No,Bank transfer,65.39,552.89,2,0
2514,44.0,29.0,Two year,Fiber optic,No,Credit card,75.01,2415.07,1,0
2552,32.0,20.0,Two year,Fiber optic,No,Bank transfer,90.85,1932.38,2,1
2182,59.0,3.0,Month-to-month,Fiber optic,No,Mailed check,81.14,258.49,2,1
1969,24.0,10.0,Month-to-month,Fiber optic,No,Bank transfer,81.39,888.6,1,1
2354,36.0,49.0,One year,No,No,Mailed check,108.7,5844.18,3,0
2618,39.0,5.0,One year,Fiber optic,Yes,Credit card,39.35,223.56,0,0
1915,49.0,18.0,Two year,Fiber optic,No,Credit card,74.49,1209.63,1,0
1704,22.0,19.0,Month-to-month,DSL,No,Bank transfer,95.17,1683.0,2,0
2181,66.0,18.0,One year,Fiber optic,Yes,Bank transfer,40.63,748.1,4,0
2051,51.0,22.0,Month-to-month,Fiber optic,No,Credit card,68.22,1426.95,3,0
2364,63.0,0.0,One year,No,Yes,Electronic check,73.17,0.0,0,0
2265,24.0,19.0,Month-to-month,NO,Yes,Electronic check,123.59,2055.5,2,0
1597,30.0,9.0,One year,Fiber optic,No,Credit card,47.1,425.22,1,0
2898,53.0,4.0,Month-to-month,DSL,No,Bank transfer,47.21,207.68,2,1
2992,63.0,4.0,Month-to-month,No,Yes,Mailed check,106.09,475.99,1,0
2096,46.0,29.0,Month-to-month,Fiber optic,Yes,Bank transfer,45.1,1261.69,1,0
1223,21.0,6.0,Month-to-month,DSL,No,Electronic check,67.44,376.24,1,1
2452,49.0,17.0,One year,DSL,,Credit card,60.74,1003.1,1,0
1213,55.0,0.0,Month-to-month,Fiber optic,Yes,Electronic check,68.99,0.0,1,0
2206,34.0,6.0,One year,Fiber optic,Yes,Credit card,771.5,458.53,2,0
1572,50.0,6.0,Month-to-month,Fiber optic,No,Credit card,58.28,387.69,4,1
1086,59.0,25.0,Month-to-month,DSL,No,Mailed check,66.83,1530.4,1,0
2516,68.0,40.0,Month-to-month,Fiber optic,No,Mailed check,39.25,1694.19,1,0
1202,61.0,10.0,One year,Fiber optic,No,Bank transfer,71.43,686.23,1,0
1077,41.0,67.0,Month-to-month,No,No,Bank transfer,79.76,4958.17,2,0
2850,35.0,4.0,Month-to-month,DSL,Yes,Mailed check,49.95,184.54,0,0
1000,52.0,10.0,Month-to-month,DSL,No,Mailed check,91.71,917.94,0,0
1388,59.0,30.0,One year,NO,No,Mailed check,79.2,2551.21,1,0
2046,55.0,13.0,One year,DSL,Yes,Electronic check,78.08,1043.5,1,0
1439,44.0,14.0,Month-to-month,DSL,No,Electronic check,85.05,1236.85,1,0
1062,28.0,37.0,One year,Fiber optic,Yes,Bank transfer,76.12,3132.48,4,0
1174,49.0,30.0,One year,Fiber optic,No,Credit card,70.64,2261.66,2,0
2710,62.0,9.0,Month-to-month,Fiber optic,No,Electronic check,59.78,515.34,2,0
2521,54.0,38.0,Two year,No,No,Bank transfer,128.48,4422.72,2,0
1342,49.0,8.0,Month-to-month,No,Yes,Credit card,87.19,610.21,4,1
2668,58.0,1.0,Month-to-month,DSL,No,Electronic check,24.32,22.46,2,0
2929,74.0,9.0,Two year,No,No,Electronic check,27.43,249.47,1,1
1551,43.0,11.0,Month-to-month,DSL,No,Credit card,105.96,1172.04,0,1
1252,77.0,31.0,Two year,Fiber optic,No,Mailed check,89.47,2600.84,4,0
1297,50.0,9.0,Month-to-month,No,No,Electronic check,60.95,525.77,3,1
1545,33.0,37.0,Two year,Fiber optic,No,Mailed check,55.29,2307.75,1,0
1543,67.0,63.0,One year,Fiber optic,No,Mailed check,96.8,5852.04,1,0
1277,36.0,38.0,Month-to-month,Fiber optic,No,Credit card,106.34,3902.0,2,1
1814,60.0,24.0,Month-to-month,DSL,No,Electronic check,61.87,1352.05,1,0
2456,56.0,3.0,Month-to-month,No,Yes,Credit card,15.0,44.71,0,0
1322,33.0,45.0,Month-to-month,DSL,Yes,Bank transfer,90.24,4530.55,0,0
2677,68.0,26.0,Two year,Fiber optic,No,Bank transfer,51.3,1418.33,5,0
1834,44.0,1.0,Month-to-month,Fiber optic,Yes,Electronic check,42.49,41.7,0,0
2693,25.0,10.0,Two year,Fiber optic,No,Mailed check,79.99,733.51,2,0
2298,49.0,71.0,Two year,DSL,No,Bank transfer,70.69,5499.23,3,0
1490,45.0,1.0,Two year,DSL,No,Electronic check,80.84,69.3,1,0
2915,37.0,3.0,Month-to-month,DSL,No,Credit card,86.04,225.57,1,0
1810,42.0,35.0,Month-to-month,No,No,Electronic check,77.18,2765.83,1,0
1608,18.0,55.0,Month-to-month,DSL,No,Mailed check,15.0,780.13,1,0
2230,37.0,21.0,Two year,Fiber optic,Yes,Bank transfer,61.04,1146.14,0,0
2538,27.0,3.0,Month-to-month,No,No,Bank transfer,68.74,197.58,4,1
2430,50.0,1.0,Month-to-month,Fiber optic,No,Bank transfer,63.55,56.66,0,1
2975,39.0,18.0,Month-to-month,No,No,Credit card,82.25,1522.26,1,0
1394,63.0,7.0,Month-to-month,Fiber optic,No,Mailed check,71.07,538.59,1,1
2358,23.0,14.0,One year,Fiber optic,No,Credit card,55.36,763.92,4,1
2383,36.0,4.0,Month-to-month,No,No,Bank transfer,15.0,62.62,3,0
1788,44.0,48.0,One year,DSL,No,Mailed check,72.38,3309.55,1,0
2639,29.0,17.0,Month-to-month,Fiber optic,No,Bank transfer,88.95,1325.96,2,0
2508,46.0,34.0,Month-to-month,Fiber optic,No,Electronic check,45.83,,3,1
2156,35.0,59.0,Month-to-month,DSL,Yes,Mailed check,68.47,3791.44,0,0
2082,40.0,28.0,Two year,Fiber optic,No,Bank transfer,77.01,2180.62,2,0
2581,62.0,0.0,Two year,DSL,Yes,Credit card,33.16,0.0,0,0
2381,38.0,3.0,Month-to-month,Fiber optic,No,Electronic check,62.97,168.86,0,1
2171,49.0,6.0,One year,DSL,No,Mailed check,81.72,478.09,3,0
2758,69.0,13.0,Two year,Fiber optic,No,Bank transfer,15.03,219.6,1,0
2734,57.0,5.0,Month-to-month,No,Yes,Electronic check,69.96,387.02,0,0
1701,61.0,20.0, One year ,DSL,No,Mailed check,54.24,1007.38,1,0
1295,35.0,60.0,One year,Fiber optic,No,Credit card,78.41,4966.18,1,0
2805,21.0,63.0,Month-to-month,Fiber optic,No,Electronic check,85.08,5913.32,0,0
2602,35.0,3.0,Month-to-month,Fiber optic,No,Mailed check,78.9,243.01,1,1
1011,38.0,14.0,Two year,Fiber optic,No,Bank transfer,47.02,586.98,0,0
1640,40.0,35.0,Two year,DSL,Yes,Credit card,25.73,863.02,1,0
2801,44.0,20.0,Month-to-month,DSL,No,Electronic check,69.04,1417.5,2,0
2465,54.0,4.0,Month-to-month,Fiber optic,No,Credit card,36.96,167.68,0,0
1281,55.0,1.0,Two year,Fiber optic,No,Mailed check,68.94,76.99,1,0
2036,27.0,10.0,Month-to-month,DSL,Yes,Bank transfer,48.32,486.43,2,1
1946,22.0,22.0,One year,Fiber optic,No,Electronic check,70.42,1337.96,1,0
2942,49.0,6.0,Month-to-month,DSL,Yes,Mailed check,97.89,651.85,2,0
1922,47.0,0.0,Two year,No,No,Bank transfer,50.27,0.0,3,0
1618,52.0,52.0,One year,DSL,No,Mailed check,43.58,2402.8,1,0
1148,53.0,23.0,One year,DSL,No,Bank transfer,55.74,1361.89,2,0
1397,65.0,2.0,One year,Fiber optic,No,Electronic check,51.29,112.1,1,0
2396,25.0,2.0,One year,DSL,No,Bank transfer,59.47,122.65,1,0
2767,42.0,4.0,Month-to-month,Fiber optic,Yes,Mailed check,42.38,145.79,2,0
1719,44.0,16.0,Two year,Fiber optic,Yes,Bank transfer,53.39,863.62,2,0
2114,47.0,1.0,Two year,DSL,Yes,Credit card,79.43,90.9,3,0
2084,51.0,12.0, Month-to-month ,Fiber optic,Yes,Mailed check,85.57,972.48,0,1
2874,65.0,18.0,Month-to-month,Fiber optic,No,Electronic check,15.82,300.71,1,0
2548,56.0,0.0,Two year,Fiber optic,No,Credit card,47.69,0.0,3,1
1555,39.0,11.0,Month-to-month,DSL,No,Credit card,15.0,171.0,3,1
2453,84.0,33.0,One year,Fiber optic,No,Bank transfer,44.68,1270.82,1,0
2421,61.0,10.0,Month-to-month,DSL,No,Mailed check,83.34,783.07,3,1
2712,18.0,2.0,One year,Fiber optic,No,Electronic check,86.45,150.87,1,1
1326,62.0,30.0,Month-to-month,FIBER OPTIC,No,Credit card,62.81,2098.99,2,1
2604,38.0,25.0,Month-to-month,No,No,Mailed check,18.84,524.85,4,0
1667,68.0,3.0,One year,DSL,No,Electronic check,100.61,265.46,0,0
1873,34.0,20.0,Month-to-month,Fiber optic,No,Bank transfer,94.07,1708.06,0,1
1375,33.0,4.0,Month-to-month,Fiber optic,Yes,Bank transfer,74.08,257.07,2,1
2983,58.0,4.0,One year,No,No,Mailed check,55.64,191.06,3,0
2053,49.0,17.0,One year,Fiber optic,No,Electronic check,99.73,1454.98,3,1
1480,43.0,22.0,Two year,Fiber optic,Yes,Mailed check,79.3,1687.94,2,0
1986,68.0,5.0,Two year,No,No,Bank transfer,35.58,164.06,5,0
1596,41.0,6.0,Month-to-month,Fiber optic,No,Credit card,123.73,840.02,2,1
2819,30.0,12.0, One year ,Fiber optic,No,Electronic check,92.96,1202.52,1,0
1720,50.0,20.0,Month-to-month,No,Yes,Mailed check,66.11,1234.75,1,0
1471,18.0,31.0,Two year,Fiber optic,No,Mailed check,71.98,2356.62,2,0
1016,30.0,10.0,Month-to-month,DSL,No,Electronic check,45.5,460.06,1,0
2127,34.0,7.0,Month-to-month,Fiber optic,No,Electronic check,94.61,682.5,2,1
1075,57.0,48.0,One year,Fiber optic,No,Credit card,33.55,1717.11,0,0
1134,31.0,0.0,Month-to-month,Fiber optic,No,Mailed check,49.45,0.0,3,1
1001,43.0,1.0,Month-to-month,Fiber optic,No,Mailed check,80.1,79.97,2,0
2861,57.0,16.0,One year,No,Yes,Mailed check,67.77,1204.69,2,0
1437,24.0,68.0,One year,Fiber optic,No,Mailed check,58.5,3835.59,2,0
2943,40.0,24.0,One year,DSL,No,Bank transfer,70.26,1729.82,0,0
1319,43.0,28.0,Two year,Fiber optic,No,Credit card,46.58,1185.14,0,0
2328,27.0,4.0,One year,Fiber optic,Yes,Bank transfer,98.78,384.38,1,0
1931,73.0,10.0,Two year,DSL,Yes,Mailed check,91.86,949.91,3,0
2275,47.0,8.0,Month-to-month,No,Yes,Credit card,22.88,182.41,1,0
1518,46.0,0.0,Month-to-month,No,No,Credit card,59.99,0.0,2,0
2863,19.0,0.0,Two year,Fiber optic,No,Mailed check,37.3,0.0,1,0
1699,42.0,11.0,Two year,DSL,No,Mailed check,80.14,906.23,1,0
1567,30.0,42.0,One year,Fiber optic,No,Mailed check,53.06,1934.62,2,0
2263,31.0,12.0,Month-to-month,Fiber optic,No,Credit card,68.72,757.76,1,1
1378,78.0,33.0,Two year,No,Yes,Credit card,115.38,4376.67,3,0
2086,60.0,2.0,One year,DSL,No,Bank transfer,82.32,153.72,1,0
2165,82.0,19.0,One year,Fiber optic,No,Bank transfer,72.37,1178.18,3,0
1982,30.0,7.0,Month-to-month,No,No,Credit card,85.22,614.09,0,0
2187,42.0,13.0, One year ,Fiber optic,No,Mailed check,95.06,1236.28,0,1
2154,70.0,8.0,Month-to-month,Fiber optic,No,Bank transfer,105.11,857.51,2,0
1414,50.0,8.0,Month-to-month,Fiber optic,No,Electronic check,30.83,227.72,1,0
2279,40.0,13.0,One year,Fiber optic,No,Mailed check,51.95,718.41,2,0
2563,58.0,14.0,Month-to-month,No,Yes,Electronic check,51.77,805.51,1,0
2007,55.0,20.0,Two year,Fiber optic,Yes,Credit card,97.28,2102.6,1,0
2846,64.0,58.0,One year,Fiber optic,No,Bank transfer,63.57,3180.6,1,0
2906,21.0,40.0,Month-to-month,No,No,Electronic check,61.79,2427.38,0,1
1521,53.0,23.0,Month-to-month,Fiber optic,No,Credit card,45.57,1113.87,2,1
1717,47.0,1.0,Month-to-month,Fiber optic,Yes,Mailed check,83.3,91.37,0,1
2980,30.0,17.0,Month-to-month,Fiber optic,No,Bank transfer,64.93,1169.9,1,0
2386,65.0,7.0,Two year,Fiber optic,No,Mailed check,99.46,780.84,0,0
1870,42.0,5.0,Month-to-month,FIBER OPTIC,No,Mailed check,94.71,462.41,1,1
2266,43.0,6.0,Month-to-month,Fiber optic,No,Credit card,86.77,453.23,2,1
2860,43.0,10.0,Month-to-month,DSL,No,Credit card,53.95,619.46,2,0
2662,18.0,2.0,One year,Fiber optic,Yes,Credit card,53.33,118.95,3,0
2708,43.0,72.0,Month-to-month,Fiber optic,No,Bank transfer,82.41,5077.37,2,1
1179,85.0,5.0,Month-to-month,DSL,Yes,Bank transfer,51.18,238.36,1,1
2783,56.0,3.0,Month-to-month,Fiber optic,No,Bank transfer,63.3,170.33,0,0
2345,23.0,11.0,Two year,Fiber optic,No,Electronic check,78.58,776.64,3,1
1863,72.0,3.0,Month-to-month,FIBER OPTIC,Yes,Credit card,72.41,217.2,4,0
2700,50.0,18.0,Month-to-month,FIBER OPTIC,No,Credit card,104.34,1824.68,2,1
2997,32.0,33.0,Month-to-month,Fiber optic,Yes,Electronic check,15.0,521.48,0,0
1345,48.0,21.0,Month-to-month,DSL,No,Mailed check,74.71,1793.87,1,1
1050,50.0,7.0,One year,Fiber optic,No,Credit card,52.58,414.59,0,0
2134,41.0,30.0,Month-to-month,No,Yes,Credit card,62.98,2163.41,4,0
1968,44.0,2.0,Month-to-month,Fiber optic,No,Bank transfer,51.56,99.16,3,0
1262,18.0,6.0,Month-to-month,DSL,No,Electronic check,97.4,586.37,2,1
1120,57.0,27.0,Month-to-month,Fiber optic,Yes,Bank transfer,29.1,714.9,2,1
2475,55.0,35.0,Two year,DSL,No,Mailed check,59.88,1988.35,3,0
2139,56.0,10.0,Month-to-month,Fiber optic,Yes,Mailed check,65.48,705.98,3,0
1219,46.0,6.0,Month-to-month,Fiber optic,Yes,Electronic check,85.27,500.99,3,1
1267,24.0,30.0,One year,Fiber optic,Yes,Mailed check,79.78,2260.41,2,0
1843,51.0,46.0,One year,DSL,No,Mailed check,50.96,2410.69,0,0
1290,42.0,29.0,One year,No,Yes,Electronic check,72.54,2321.55,2,0
1692,29.0,11.0,Month-to-month,Fiber optic,Yes,Mailed check,93.98,1148.98,1,0
1697,26.0,4.0, Month-to-month ,Fiber optic,No,Credit card,69.64,298.07,3,1
2830,56.0,3.0,Month-to-month,Fiber optic,Yes,Bank transfer,65.85,224.82,2,0
1716,47.0,31.0,Month-to-month,Fiber optic,,Electronic check,49.25,1745.73,1,0
2568,22.0,50.0,Month-to-month,Fiber optic,No,Electronic check,60.4,3220.16,1,0
1074,18.0,11.0,One year,Fiber optic,No,Bank transfer,94.82,1125.13,1,0
1574,57.0,1.0,One year,DSL,No,Bank transfer,54.18,61.44,2,0
1773,60.0,1.0,Month-to-month,Fiber optic,Yes,Electronic check,94.89,85.56,2,1
2872,40.0,2.0,Month-to-month,DSL,Yes,Credit card,92.25,183.29,2,0
2674,69.0,46.0,Month-to-month,Fiber optic,No,Credit card,94.78,4792.13,2,0
1317,40.0,17.0,Month-to-month,Fiber optic,No,Electronic check,29.83,460.41,0,0
1963,56.0,1.0,Month-to-month,Fiber optic,Yes,Credit card,40.85,35.22,1,0
1654,84.0,4.0,One year,No,Yes,Mailed check,65.63,297.68,0,0
2460,43.0,23.0,Month-to-month,DSL,No,Electronic check,83.23,1919.46,1,1
2167,53.0,7.0,Two year,DSL,No,Electronic check,97.02,752.9,1,0
2233,84.0,8.0,One year,DSL,No,Credit card,64.65,508.28,3,0
1955,62.0,1.0,One year,Fiber optic,No,Electronic check,79.61,83.66,0,1
2761,56.0,31.0,Month-to-month,DSL,No,Electronic check,74.39,2338.9,1,0
1901,39.0,1.0,Two year,No,No,Bank transfer,41.06,35.77,2,0
1513,31.0,2.0,Month-to-month,Fiber optic,No,Credit card,87.15,167.9,2,1
1440,51.0,25.0,One year,No,No,Bank transfer,86.56,2148.71,2,0
1621,52.0,11.0,Two year,Fiber optic,,Electronic check,51.55,494.07,1,0
1983,44.0,32.0,Month-to-month,No,No,Credit card,50.39,1463.56,1,0
2800,74.0,35.0,Month-to-month,No,No,Mailed check,47.51,1611.0,2,1
1205,31.0,8.0,Month-to-month,Fiber optic,No,Bank transfer,56.86,398.36,1,0
2267,31.0,17.0,Month-to-month,DSL,Yes,Electronic check,88.72,1551.45,0,0
1056,32.0,0.0,Two year,Fiber optic,Yes,Electronic check,71.47,0.0,0,0
1500,59.0,10.0,Month-to-month,Fiber optic,No,Mailed check,37.53,333.25,2,0
2542,70.0,26.0,One year,Fiber optic,No,Bank transfer,74.82,2026.02,3,0
2236,70.0,32.0,Month-to-month,DSL,Yes,Bank transfer,67.11,2056.99,1,0
2678,60.0,9.0,One year,Fiber optic,No,Electronic check,31.6,315.17,4,0
1425,66.0,27.0,Month-to-month,Fiber optic,No,Electronic check,50.52,1356.82,0,0
1741,26.0,5.0,Month-to-month,Fiber optic,Yes,Electronic check,36.16,168.5,1,0
2586,48.0,18.0,Month-to-month,DSL,Yes,Credit card,32.46,497.12,1,0
1589,32.0,27.0,Two year,DSL,No,Mailed check,56.43,1439.74,1,0
1237,48.0,6.0,Month-to-month,No,Yes,Mailed check,77.19,478.55,1,0
2310,45.0,10.0,Two year,FIBER OPTIC,No,Electronic check,55.2,480.94,0,0
2896,41.0,11.0,Month-to-month,DSL,Yes,Credit card,68.35,755.06,0,1
1175,57.0,12.0,Month-to-month,Fiber optic,No,Mailed check,65.44,785.28,4,1
2034,38.0,9.0,Month-to-month,No,No,Bank transfer,73.91,732.92,2,1
2210,26.0,11.0,Month-to-month,DSL,Yes,Mailed check,77.68,802.32,0,0
2454,53.0,29.0,Two year,Fiber optic,No,Mailed check,85.7,2315.72,1,0
1152,35.0,15.0, Two year ,DSL,Yes,Electronic check,73.04,1025.47,0,0
2771,70.0,15.0,One year,Fiber optic,Yes,Mailed check,67.85,,3,0
2818,42.0,2.0, One year ,Fiber optic,No,Mailed check,59.87,133.01,2,0
2315,25.0,6.0,Month-to-month,DSL,Yes,Mailed check,88.21,459.82,1,0
1859,54.0,72.0,One year,DSL,Yes,Electronic check,102.42,7429.3,0,0
2694,47.0,28.0,Month-to-month,No,Yes,Bank transfer,105.47,3344.93,2,1
2816,18.0,5.0,One year,Fiber optic,No,Electronic check,26.71,153.03,1,0
2394,40.0,2.0,Two year,Fiber optic,Yes,Electronic check,79.12,158.17,1,0
2188,53.0,22.0,Month-to-month,Fiber optic,No,Bank transfer,37.62,858.43,6,1
1883,61.0,72.0,One year,No,Yes,Mailed check,78.61,5589.31,1,0
2791,47.0,5.0,Month-to-month,No,Yes,Bank transfer,49.51,261.3,1,0
2739,71.0,17.0,Month-to-month,No,Yes,Electronic check,21.33,344.86,2,0
1264,41.0,22.0,Month-to-month,No,Yes,Credit card,55.86,1388.32,0,0
1291,38.0,9.0,Month-to-month,DSL,Yes,Bank transfer,69.39,,2,1
2720,53.0,34.0,Month-to-month,Fiber optic,No,Bank transfer,58.19,,1,0
2459,55.0,11.0,Month-to-month,No,No,Bank transfer,60.33,668.22,3,0
2837,47.0,16.0,One year,DSL,No,Bank transfer,64.5,994.78,1,0
1022,46.0,10.0,One year,No,No,Bank transfer,60.52,687.5,2,0
2487,19.0,72.0,Month-to-month,No,Yes,Bank transfer,90.93,6579.01,1,0
1881,37.0,18.0,Two year,DSL,No,Bank transfer,97.1,1920.07,1,0
1338,51.0,14.0,Month-to-month,DSL,Yes,Mailed check,35.52,471.65,1,0
2670,41.0,23.0,Month-to-month,DSL,Yes,Mailed check,96.31,2423.91,1,0
1227,29.0,11.0,Two year,DSL,No,Credit card,61.91,659.04,2,1
1107,48.0,11.0,Month-to-month,DSL,Yes,Mailed check,73.32,903.81,0,1
2701,52.0,70.0,One year,DSL,No,Electronic check,76.42,4608.47,0,0
2189,30.0,28.0,Month-to-month,No,No,Bank transfer,15.0,383.24,3,1
1857,52.0,33.0,Month-to-month,DSL,No,Credit card,67.5,2425.4,2,0
1592,52.0,9.0,Two year,Fiber optic,Yes,Credit card,43.84,377.85,3,0
2987,53.0,18.0,One year,Fiber optic,No,Credit card,69.83,1373.81,1,0
1030,36.0,9.0,One year,No,No,Bank transfer,30.68,305.74,1,0
1010,38.0,2.0,Month-to-month,No,No,Credit card,44.4,89.48,1,0
1438,19.0,1.0,One year,No,Yes,Mailed check,104.96,108.14,1,0
1971,35.0,5.0,One year,DSL,No,Credit card,107.98,476.0,3,0
1710,48.0,10.0,Month-to-month,Fiber optic,Yes,Mailed check,54.41,579.34,1,1
2964,53.0,2.0,Month-to-month,Fiber optic,No,Credit card,63.41,119.61,2,0
2290,51.0,54.0,One year,No,No,Bank transfer,89.84,4578.59,2,0
1669,61.0,0.0,Two year,NO,No,Bank transfer,42.81,0.0,4,0
1866,49.0,31.0,Two year,DSL,No,Bank transfer,36.07,1194.58,3,0
1447,31.0,40.0,One year,Fiber optic,No,Electronic check,59.46,2448.1,3,0
1845,52.0,8.0,Month-to-month,DSL,Yes,Credit card,82.4,590.58,1,1
1125,78.0,4.0,Month-to-month,Fiber optic,Yes,Bank transfer,61.05,214.25,2,0
1257,34.0,72.0,Month-to-month,NO,No,Electronic check,53.43,4420.08,4,0
2582,30.0,6.0,Two year,No,Yes,Mailed check,54.63,325.61,2,0
2160,18.0,7.0,Two year,No,Yes,Electronic check,92.6,729.94,3,0
2028,54.0,4.0,One year,DSL,No,Electronic check,64.58,253.68,3,1
2059,,7.0,Two year,Fiber optic,Yes,Electronic check,59.27,460.02,2,0
1198,46.0,17.0,Month-to-month,Fiber optic,No,Bank transfer,69.53,1179.81,0,1
1628,46.0,22.0,Month-to-month,DSL,Yes,Credit card,73.11,1499.04,1,0
1409,53.0,40.0,Two year,Fiber optic,No,Bank transfer,74.02,3039.7,2,0
2659,62.0,16.0,Month-to-month,No,No,Electronic check,75.6,1042.76,1,1
2198,48.0,22.0,Month-to-month,Fiber optic,No,Electronic check,15.0,372.24,1,0
2688,49.0,1.0,Two year,DSL,Yes,Bank transfer,45.6,45.55,4,0
2440,55.0,8.0,One year,NO,No,Bank transfer,34.1,303.89,3,0
1839,42.0,16.0,Two year,No,Yes,Credit card,52.93,828.29,2,0
2226,46.0,21.0,Month-to-month,Fiber optic,No,Electronic check,98.01,2151.13,3,1
1639,26.0,9.0,Month-to-month,DSL,No,Mailed check,65.21,626.78,1,0
1631,68.0,23.0,Two year,Fiber optic,Yes,Electronic check,86.12,2184.3,1,0
2201,39.0,43.0,Month-to-month,DSL,Yes,Credit card,55.0,2040.06,2,0
2726,37.0,18.0,One year,Fiber optic,Yes,Bank transfer,27.25,533.89,2,0
1412,22.0,4.0,Month-to-month,Fiber optic,Yes,Mailed check,65.45,254.38,2,0
1013,18.0,25.0,Month-to-month,Fiber optic,No,Electronic check,65.02,1834.57,2,0
1483,48.0,11.0,Month-to-month,DSL,No,Credit card,61.38,685.95,1,0
2937,52.0,27.0,Month-to-month,Fiber optic,Yes,Electronic check,65.33,1571.48,0,0
2058,53.0,35.0,Month-to-month,FIBER OPTIC,Yes,Electronic check,24.58,787.81,2,0
1475,41.0,8.0,One year,Fiber optic,No,Mailed check,49.18,389.5,2,0
1656,45.0,23.0,Month-to-month,DSL,No,Electronic check,69.11,1699.61,2,1
2141,66.0,0.0,Month-to-month,DSL,Yes,Bank transfer,63.75,0.0,1,0
1536,32.0,24.0,Month-to-month,Fiber optic,Yes,Credit card,42.98,,1,0
1967,72.0,56.0,Month-to-month,Fiber optic,No,Bank transfer,74.0,4349.45,3,0
2489,64.0,32.0,Month-to-month,No,No,Electronic check,101.95,3500.98,3,0
1602,58.0,20.0,Month-to-month,No,Yes,Electronic check,97.1,2193.71,3,0
1163,33.0,15.0,Two year,Fiber optic,No,Mailed check,53.79,794.61,2,0
2135,59.0,5.0,Two year,DSL,No,Credit card,15.0,70.59,0,0
1482,21.0,4.0,Month-to-month,Fiber optic,Yes,Mailed check,26.56,92.73,0,0
2244,35.0,18.0,Two year,DSL,No,Credit card,17.22,299.19,1,0
1130,22.0,2.0,Two year,No,No,Bank transfer,89.89,192.56,2,0
2296,59.0,4.0,Month-to-month,No,No,Credit card,45.71,162.68,1,0
2063,19.0,3.0,Two year,DSL,No,Bank transfer,80.59,266.04,2,0
2714,37.0,11.0,Month-to-month,DSL,No,Mailed check,58.57,705.22,3,0
2854,60.0,6.0,Two year,DSL,Yes,Electronic check,83.89,565.72,0,0
2505,38.0,16.0,Two year,DSL,No,Credit card,56.35,902.96,3,0
2415,59.0,18.0,Two year,DSL,No,Electronic check,33.14,569.85,0,0
1072,44.0,31.0,One year,No,Yes,Electronic check,74.33,2186.21,2,0
1514,36.0,18.0,One year,DSL,No,Bank transfer,63.43,1112.13,2,0
1012,49.0,32.0,Month-to-month,Fiber optic,Yes,Electronic check,116.25,4182.8,1,0
2324,46.0,3.0,Month-to-month,DSL,Yes,Mailed check,33.2,101.43,0,1
2919,38.0,3.0,One year,No,No,Electronic check,61.46,194.72,1,0
1208,53.0,13.0,Month-to-month,No,No,Credit card,40.17,515.19,3,0
1303,54.0,5.0,Month-to-month,No,Yes,Electronic check,17.3,87.85,2,0
1620,33.0,29.0,Month-to-month,Fiber optic,No,Bank transfer,58.59,1524.59,3,1
2656,48.0,2.0,Month-to-month,Fiber optic,No,Credit card,50.0,107.85,2,1
2411,53.0,1.0,Month-to-month,DSL,No,Bank transfer,53.66,51.26,4,1
1565,39.0,2.0,Two year,DSL,Yes,Mailed check,59.57,119.53,3,0
1693,54.0,11.0,Month-to-month,Fiber optic,No,Mailed check,89.33,1101.17,1,0
2424,29.0,6.0,One year,DSL,Yes,Bank transfer,66.92,416.01,1,0
2015,48.0,11.0,Month-to-month,DSL,No,Mailed check,58.66,701.95,2,0
1340,33.0,33.0,One year,Fiber optic,Yes,Credit card,81.79,2592.4,0,0
2277,51.0,2.0,One year,Fiber optic,Yes,Electronic check,64.09,127.64,3,0
2892,38.0,41.0,One year,Fiber optic,Yes,Credit card,67.07,2569.85,2,0
2880,59.0,4.0,One year,Fiber optic,No,Bank transfer,102.89,,2,1
2775,25.0,13.0,One year,Fiber optic,No,Mailed check,27.56,356.25,2,0
1811,38.0,22.0,Two year,DSL,Yes,Bank transfer,91.8,1859.5,2,0
1042,43.0,35.0,Month-to-month,DSL,No,Electronic check,59.1,2164.97,0,0
2240,39.0,3.0,Two year,Fiber optic,No,Electronic check,86.72,241.31,2,0
1878,45.0,17.0,Month-to-month,Fiber optic,No,Bank transfer,67.69,1194.35,2,0
2464,36.0,24.0,One year,Fiber optic,Yes,Mailed check,34.59,788.39,2,0
1733,19.0,4.0,Month-to-month,Fiber optic,No,Mailed check,38.08,152.42,5,0
1423,60.0,4.0,Two year,Fiber optic,No,Mailed check,69.97,250.17,2,0
2977,59.0,11.0,Month-to-month,DSL,No,Electronic check,82.29,928.12,2,1
2737,29.0,18.0,Month-to-month,Fiber optic,Yes,Bank transfer,70.45,1270.94,1,0
1879,63.0,20.0,Month-to-month,DSL,Yes,Credit card,74.68,1328.36,2,0
1585,49.0,16.0,Month-to-month,DSL,No,Mailed check,77.29,1420.56,0,0
1026,28.0,5.0,Month-to-month,DSL,No,Mailed check,40.35,190.84,3,0
1680,56.0,2.0,Month-to-month,No,Yes,Bank transfer,61.7,116.77,1,0
2238,54.0,17.0,Month-to-month,Fiber optic,No,Bank transfer,88.09,1713.03,1,1
1135,68.0,10.0,Month-to-month,DSL,No,Bank transfer,79.57,879.76,1,0
1210,54.0,25.0,Month-to-month,No,No,Credit card,30.29,744.39,2,1
2601,66.0,30.0,Month-to-month,DSL,No,Credit card,63.97,1793.51,3,0
1055,59.0,8.0,Month-to-month,Fiber optic,No,Credit card,37.15,338.7,0,0
1463,48.0,7.0,Month-to-month,No,No,Credit card,69.87,471.58,4,0
2779,35.0,72.0,One year,Fiber optic,Yes,Electronic check,104.72,7656.41,2,0
1216,33.0,3.0,Month-to-month,FIBER OPTIC,Yes,Credit card,65.87,177.63,2,0
2183,,69.0,Month-to-month,Fiber optic,Yes,Mailed check,65.48,4405.67,2,0
2064,40.0,9.0,Month-to-month,DSL,Yes,Electronic check,82.59,803.74,1,0
1396,19.0,28.0,Month-to-month,No,Yes,Credit card,78.83,2064.59,1,0
2408,40.0,52.0,Two year,Fiber optic,No,Credit card,85.2,3944.43,2,0
2645,51.0,26.0,Month-to-month,FIBER OPTIC,Yes,Bank transfer,116.71,3092.14,2,1
2661,43.0,1.0,Month-to-month,DSL,No,Electronic check,51.54,46.84,0,0
2332,42.0,14.0,One year,DSL,No,Mailed check,79.68,982.13,3,0
2853,59.0,15.0,Month-to-month,Fiber optic,No,Bank transfer,51.47,757.4,1,0
1178,41.0,1.0,Month-to-month,DSL,No,Bank transfer,81.62,88.42,2,0
2200,47.0,10.0,Month-to-month,Fiber optic,Yes,Bank transfer,58.36,586.22,4,0
1740,18.0,46.0,One year,Fiber optic,Yes,Credit card,82.03,4043.05,1,0
1507,32.0,69.0,Two year,Fiber optic,No,Credit card,50.25,3401.74,0,0
2164,60.0,25.0,Month-to-month,DSL,No,Mailed check,51.63,1229.81,1,0
1300,33.0,17.0,Month-to-month,Fiber optic,No,Mailed check,82.32,1444.39,3,1
2664,64.0,16.0,Month-to-month,Fiber optic,Yes,Credit card,44.56,,2,0
2001,59.0,17.0,Two year,DSL,No,Bank transfer,69.91,1035.17,3,0
2213,58.0,27.0,Month-to-month,No,No,Mailed check,47.3,1105.9,4,0
1078,46.0,2.0,Two year,No,Yes,Mailed check,61.45,131.58,4,1
1995,41.0,8.0,Month-to-month,Fiber optic,Yes,Credit card,94.83,841.11,1,1
2933,43.0,13.0,Two year,DSL,No,Mailed check,49.64,555.04,4,0
1726,45.0,36.0,Month-to-month,No,Yes,Credit card,36.81,1366.46,0,0
1228,34.0,1.0,Month-to-month,No,No,Mailed check,55.06,56.13,2,0
1818,46.0,8.0,Month-to-month,No,No,Mailed check,78.52,545.62,2,0
1988,42.0,6.0,One year,DSL,Yes,Mailed check,50.84,335.53,1,0
2461,27.0,1.0,Month-to-month,DSL,No,Mailed check,73.78,69.71,2,1
1029,41.0,19.0,Month-to-month,No,No,Electronic check,87.37,1588.85,0,0
1561,76.0,19.0, One year ,DSL,,Credit card,93.19,1543.42,1,0
1225,61.0,12.0,Month-to-month,Fiber optic,No,Electronic check,20.17,250.99,1,0
2822,42.0,5.0,One year,DSL,No,Credit card,45.9,260.94,3,0
2227,43.0,54.0,Month-to-month,Fiber optic,Yes,Credit card,43.14,2452.43,1,0
1444,25.0,16.0,Month-to-month,Fiber optic,No,Electronic check,44.77,795.38,2,1
1032,45.0,3.0,Two year,NO,No,Credit card,15.54,41.74,1,0
2491,83.0,17.0,Month-to-month,No,Yes,Mailed check,68.4,1129.63,2,0
1965,67.0,34.0,One year,Fiber optic,No,Credit card,57.49,2018.07,0,0
1893,63.0,15.0,Month-to-month,Fiber optic,Yes,Mailed check,78.83,1131.85,3,0
1668,18.0,4.0,Month-to-month,DSL,No,Mailed check,62.71,221.9,1,0
2600,42.0,26.0,Month-to-month,Fiber optic,No,Mailed check,49.11,1455.63,1,0
2632,35.0,10.0, Month-to-month ,Fiber optic,No,Credit card,59.38,661.89,0,1
1958,54.0,72.0,One year,DSL,No,Credit card,75.26,5414.0,0,0
2448,64.0,8.0,Month-to-month,DSL,No,Credit card,105.6,932.98,2,1
1151,50.0,30.0,Month-to-month,Fiber optic,Yes,Electronic check,78.03,2397.81,4,0
1959,52.0,13.0,Month-to-month,DSL,No,Credit card,59.22,708.5,1,1
1222,55.0,2.0,Two year,DSL,Yes,Electronic check,43.59,79.13,3,0
2027,47.0,9.0,Month-to-month,DSL,Yes,Credit card,15.0,128.25,0,0
1702,34.0,15.0,Month-to-month,DSL,No,Electronic check,27.9,469.83,1,0
2578,34.0,23.0,One year,DSL,No,Mailed check,45.85,1066.66,3,0
2719,38.0,1.0,One year,Fiber optic,Yes,Mailed check,40.53,37.76,2,0
1854,66.0,72.0,Two year,DSL,Yes,Bank transfer,16.58,1264.14,1,0
2065,,32.0,Two year,DSL,No,Electronic check,118.87,4162.07,4,1
1833,33.0,11.0,One year,No,Yes,Mailed check,88.65,1024.58,3,0
2246,46.0,1.0,One year,DSL,Yes,Mailed check,53.29,48.5,2,1
2422,40.0,72.0,Month-to-month,DSL,Yes,Mailed check,65.22,4005.8,0,0
1113,82.0,42.0,Month-to-month,FIBER OPTIC,No,Credit card,44.08,1842.62,1,0
1048,50.0,6.0, Two year ,Fiber optic,Yes,Bank transfer,61.91,359.93,3,0
1289,36.0,1.0,Month-to-month,Fiber optic,No,Mailed check,60.09,63.38,1,1
2100,60.0,18.0,Month-to-month,DSL,No,Mailed check,62.93,1004.43,3,1
2021,36.0,40.0,One year,DSL,Yes,Mailed check,15.0,552.03,3,0
1206,53.0,50.0,Month-to-month,No,Yes,Electronic check,60.89,2886.93,1,0
2147,23.0,1.0,Month-to-month,Fiber optic,No,Mailed check,65.85,64.64,1,1
1973,35.0,13.0,Month-to-month,DSL,No,Credit card,70.48,1040.78,0,0
2088,41.0,51.0,Month-to-month,Fiber optic,Yes,Electronic check,86.54,4227.21,2,0
2249,22.0,2.0,Month-to-month,Fiber optic,No,Mailed check,48.66,106.27,1,0
2190,47.0,28.0,Month-to-month,Fiber optic,No,Mailed check,71.98,2193.16,0,0
1632,43.0,2.0,One year,Fiber optic,Yes,Mailed check,64.86,147.42,3,0
1775,21.0,18.0,One year,No,No,Electronic check,117.45,1914.01,2,0
1889,62.0,18.0,One year,No,No,Bank transfer,91.35,1687.68,2,0
2420,53.0,18.0,Two year,Fiber optic,Yes,Mailed check,104.96,1641.82,0,0
1899,33.0,25.0,Month-to-month,DSL,Yes,Electronic check,65.03,1472.47,3,0
1832,30.0,9.0,One year,DSL,No,Mailed check,96.39,974.96,1,0
2245,27.0,27.0,Month-to-month,Fiber optic,No,Bank transfer,67.32,1608.18,1,0
1683,52.0,19.0,One year,DSL,Yes,Mailed check,38.01,783.89,0,0
2815,32.0,15.0,One year,Fiber optic,No,Credit card,65.16,1000.41,0,0
2285,25.0,10.0,One year,Fiber optic,Yes,Electronic check,39.64,415.1,5,0
1617,56.0,14.0,Month-to-month,DSL,No,Electronic check,15.0,232.62,2,0
2241,42.0,72.0,Month-to-month,No,Yes,Bank transfer,35.34,2843.17,2,0
2338,39.0,50.0,Month-to-month,DSL,No,Electronic check,32.74,1691.22,2,0
1685,56.0,1.0,Month-to-month,Fiber optic,Yes,Credit card,62.47,55.02,0,1
1869,75.0,21.0,Two year,Fiber optic,No,Credit card,81.55,1752.08,1,0
2185,59.0,14.0,One year,DSL,No,Electronic check,84.57,1263.39,1,0
1673,39.0,4.0,Month-to-month,DSL,Yes,Mailed check,57.71,218.13,1,1
1749,24.0,2.0,One year,DSL,No,Bank transfer,57.07,126.76,3,0
2002,46.0,33.0,Two year,DSL,Yes,Bank transfer,78.64,2622.77,1,0
2433,36.0,33.0,Month-to-month,Fiber optic,No,Electronic check,25.02,743.45,2,1
1408,47.0,26.0,Month-to-month,Fiber optic,Yes,Credit card,106.08,2681.11,3,0
1629,61.0,43.0,Two year,DSL,No,Credit card,19.9,931.7,0,0
2374,67.0,31.0,Month-to-month,No,No,Mailed check,48.61,1665.68,1,0
2970,54.0,4.0,Month-to-month,DSL,No,Electronic check,38.86,172.78,2,0
2637,51.0,20.0,One year,Fiber optic,No,Electronic check,75.4,1715.8,0,0
2502,33.0,54.0,Two year,Fiber optic,No,Electronic check,30.2,1867.95,3,1
1646,18.0,9.0,Month-to-month,Fiber optic,No,Mailed check,100.88,868.6,2,0
1139,27.0,11.0,Month-to-month,No,No,Mailed check,15.0,159.06,1,1
2485,59.0,72.0,Month-to-month,Fiber optic,Yes,Bank transfer,67.52,4504.7,1,0
1913,69.0,3.0,One year,DSL,Yes,Mailed check,75.32,213.87,2,1
2376,35.0,72.0,Two year,DSL,Yes,Electronic check,41.51,3404.78,1,0
1165,51.0,9.0,Two year,DSL,No,Bank transfer,15.78,154.3,0,0
2845,30.0,1.0,One year,Fiber optic,Yes,Electronic check,49.68,46.0,0,0
1812,67.0,32.0,One year,DSL,Yes,Electronic check,43.02,1539.64,5,0
1214,40.0,20.0,Month-to-month,No,No,Electronic check,42.68,857.16,1,0
2683,50.0,16.0,Month-to-month,Fiber optic,No,Mailed check,82.47,1165.97,2,0
2321,53.0,1.0,Month-to-month,DSL,No,Credit card,98.13,84.42,2,1
1131,46.0,15.0,Two year,DSL,No,Mailed check,107.58,1805.83,0,0
1314,65.0,60.0,One year,Fiber optic,No,Bank transfer,105.37,7130.43,1,0
1138,57.0,3.0,Two year,Fiber optic,No,Credit card,35.01,99.98,0,0
2583,46.0,5.0,Month-to-month,DSL,Yes,Bank transfer,40.12,219.54,4,0
2717,48.0,12.0,Two year,DSL,No,Bank transfer,43.71,550.62,2,0
1416,68.0,39.0,One year,Fiber optic,No,Electronic check,15.0,590.4,1,0
2029,30.0,13.0,Month-to-month,Fiber optic,No,Mailed check,62.35,838.63,1,0
1038,25.0,1.0,Month-to-month,Fiber optic,No,Bank transfer,26.43,29.72,2,0
2273,40.0,9.0,Month-to-month,No,Yes,Electronic check,31.24,263.42,1,0
2417,49.0,31.0,One year,Fiber optic,No,Credit card,77.19,2119.45,1,0
1053,54.0,1.0,Month-to-month,DSL,No,Mailed check,64.12,62.35,3,0
1706,26.0,8.0,One year,Fiber optic,No,Mailed check,38.62,284.75,1,0
1136,33.0,8.0,Two year,No,No,Mailed check,77.42,662.18,3,0
2820,43.0,4.0,One year,No,No,Mailed check,51.84,200.3,3,0
2122,55.0,5.0,Month-to-month,No,No,Mailed check,75.24,426.62,2,0
1793,26.0,17.0,Month-to-month,Fiber optic,Yes,Electronic check,69.95,1097.01,3,0
1035,27.0,12.0,Two year,No,No,Electronic check,41.3,569.49,1,0
1025,47.0,13.0,Month-to-month,Fiber optic,No,Mailed check,83.37,,0,1
1657,45.0,36.0,One year,FIBER OPTIC,Yes,Bank transfer,119.91,3893.11,3,0
2402,63.0,0.0,Two year,DSL,No,Bank transfer,62.13,0.0,2,0
1449,29.0,7.0,Month-to-month,Fiber optic,No,Electronic check,47.78,327.26,4,1
1578,23.0,22.0,One year,DSL,No,Mailed check,89.66,1823.19,2,0
2512,34.0,7.0,Month-to-month,DSL,Yes,Bank transfer,71.21,462.65,2,1
2248,49.0,15.0,Two year,DSL,Yes,Credit card,98.77,1454.09,1,0
2076,22.0,6.0,Month-to-month,No,Yes,Mailed check,48.96,307.41,0,0
2401,53.0,5.0,Month-to-month,DSL,No,Electronic check,82.08,465.7,2,0
2695,74.0,12.0,One year,Fiber optic,Yes,Credit card,75.4,958.18,1,0
2258,34.0,11.0,Two year,Fiber optic,Yes,Bank transfer,50.95,617.14,1,0
1302,56.0,21.0,One year,No,Yes,Bank transfer,45.0,1065.53,2,0
2868,29.0,11.0,One year,Fiber optic,No,Electronic check,39.09,483.08,0,0
2270,61.0,34.0, Month-to-month ,DSL,,Mailed check,53.11,1754.25,1,0
2947,45.0,19.0,One year,No,No,Credit card,56.16,961.68,1,0
2534,38.0,20.0,Month-to-month,Fiber optic,No,Electronic check,82.23,1583.96,4,1
2052,52.0,3.0,Month-to-month,DSL,No,Credit card,59.36,196.42,1,0
2976,62.0,33.0,Month-to-month,DSL,No,Credit card,92.19,3373.7,2,0
1777,41.0,28.0,Two year,DSL,Yes,Credit card,65.81,1932.94,2,0
2210,26.0,11.0,Month-to-month,DSL,Yes,Mailed check,77.68,802.32,0,0
1244,27.0,17.0,Two year,FIBER OPTIC,No,Mailed check,40.75,609.22,0,0
1103,33.0,9.0,Month-to-month,DSL,Yes,Credit card,91.43,770.14,0,0
1276,48.0,8.0,Month-to-month,DSL,Yes,Credit card,72.99,606.96,2,0
1393,72.0,18.0,Month-to-month,DSL,No,Electronic check,36.91,723.85,2,0
1110,,5.0,Two year,Fiber optic,No,Mailed check,91.63,459.51,0,0
1588,57.0,27.0,One year,No,Yes,Mailed check,110.34,3015.89,1,0
1159,55.0,6.0,Two year,Fiber optic,No,Mailed check,28.15,188.29,1,0
1970,47.0,1.0,Month-to-month,Fiber optic,Yes,Bank transfer,38.25,38.64,0,0
1747,34.0,1.0,Month-to-month,DSL,Yes,Mailed check,77.58,86.17,1,0
2553,33.0,11.0,Month-to-month,No,No,Credit card,54.81,681.98,0,0
2469,52.0,45.0,One year,No,No,Credit card,54.4,2358.57,3,0
2136,63.0,23.0, Month-to-month ,DSL,No,Electronic check,70.27,1530.74,5,0
1660,36.0,12.0,Month-to-month,DSL,Yes,Mailed check,91.88,1262.15,0,0
2529,28.0,6.0,Month-to-month,No,Yes,Electronic check,85.42,460.57,3,1
1339,37.0,11.0,Month-to-month,No,No,Mailed check,69.31,852.06,1,0
1329,54.0,5.0,Month-to-month,DSL,No,Bank transfer,63.51,317.13,2,1
2286,18.0,12.0,One year,No,No,Electronic check,31.5,434.07,0,0
1133,52.0,36.0,Month-to-month,Fiber optic,No,Mailed check,20.34,641.77,3,0
1637,46.0,15.0,Month-to-month,No,No,Electronic check,75.49,1300.36,0,1
2323,52.0,4.0,Two year,Fiber optic,No,Bank transfer,68.95,310.42,1,0
1167,73.0,7.0,One year,DSL,No,Electronic check,116.05,839.23,1,0
2839,42.0,1.0,Month-to-month,Fiber optic,No,Electronic check,20.65,21.15,4,1
1927,51.0,32.0,One year,DSL,No,Credit card,73.6,2449.19,2,0
1860,48.0,6.0,Two year,Fiber optic,No,Mailed check,52.63,288.2,1,1
2178,30.0,1.0,One year,Fiber optic,Yes,Electronic check,90.74,88.61,0,0
2020,53.0,30.0,One year,DSL,,Bank transfer,66.7,2016.46,0,0
2956,18.0,14.0,Month-to-month,Fiber optic,No,Credit card,115.9,1410.29,1,0
1024,37.0,8.0,Month-to-month,Fiber optic,Yes,Credit card,82.32,718.01,1,0
1806,48.0,4.0,Month-to-month,FIBER OPTIC,Yes,Electronic check,42.48,181.35,1,0
2859,49.0,3.0, Two year ,No,Yes,Bank transfer,29.83,78.01,0,0
1443,44.0,32.0,Month-to-month,No,Yes,Electronic check,15.0,530.71,1,1
1150,49.0,30.0,One year,Fiber optic,No,Mailed check,47.13,1531.55,0,1
2725,61.0,13.0,Month-to-month,No,Yes,Bank transfer,58.49,871.75,2,0
1094,39.0,30.0,One year,DSL,No,Mailed check,80.08,2385.53,0,0
2781,44.0,34.0,Month-to-month,Fiber optic,No,Mailed check,36.86,1093.36,1,0
1217,41.0,63.0,Two year,DSL,Yes,Bank transfer,15.79,911.4,1,0
1381,36.0,10.0,Month-to-month,Fiber optic,No,Mailed check,37.44,361.14,3,1
2047,21.0,21.0,Month-to-month,DSL,Yes,Bank transfer,34.49,832.36,1,0
1780,48.0,3.0,Month-to-month,No,No,Mailed check,21.44,73.22,2,0
1900,51.0,18.0,One year,DSL,No,Mailed check,74.89,1427.0,1,0
2888,38.0,9.0,Month-to-month,No,Yes,Mailed check,52.94,405.91,1,0
1864,36.0,0.0,One year,Fiber optic,Yes,Bank transfer,96.69,0.0,0,0
1292,36.0,10.0,Month-to-month,DSL,No,Mailed check,18.91,173.23,3,1
1712,37.0,5.0,Month-to-month,Fiber optic,Yes,Credit card,40.65,194.63,1,0
2197,53.0,5.0,Two year,DSL,No,Credit card,48.73,247.15,2,0
1100,24.0,11.0,Month-to-month,No,Yes,Credit card,78.33,735.94,0,0
2049,66.0,16.0,Two year,Fiber optic,No,Mailed check,15.0,223.7,2,0
2746,60.0,10.0,Two year,Fiber optic,Yes,Electronic check,52.19,482.96,0,1
1783,54.0,27.0,Month-to-month,Fiber optic,No,Mailed check,68.38,1696.9,4,0
2590,29.0,22.0,Month-to-month,DSL,No,Bank transfer,70.47,1540.59,1,0
1489,58.0,72.0,One year,FIBER OPTIC,No,Mailed check,57.36,3641.44,3,0
2271,54.0,13.0,Month-to-month,Fiber optic,No,Credit card,44.35,494.44,1,1
1700,37.0,41.0,Month-to-month,Fiber optic,No,Mailed check,77.72,3619.4,3,0
2378,36.0,19.0,Month-to-month,Fiber optic,Yes,Credit card,57.64,1059.99,2,0
2523,31.0,23.0,Two year,Fiber optic,Yes,Bank transfer,29.89,,2,0
1750,31.0,9.0,Month-to-month,Fiber optic,Yes,Mailed check,88.53,682.07,0,0
1962,48.0,8.0,Month-to-month,No,Yes,Bank transfer,86.82,738.02,2,0
2603,33.0,0.0,One year,DSL,No,Mailed check,50.22,0.0,3,0
2012,76.0,7.0,Two year,No,No,Electronic check,105.88,815.99,2,0
1242,53.0,25.0,Month-to-month,Fiber optic,No,Electronic check,90.9,2204.93,3,1
1168,41.0,21.0,Month-to-month,DSL,Yes,Bank transfer,71.93,1735.25,3,0
1073,68.0,44.0,Month-to-month,Fiber optic,Yes,Mailed check,72.81,3529.84,1,0
1559,39.0,0.0,Month-to-month,Fiber optic,No,Mailed check,71.09,0.0,2,1
2738,59.0,41.0,One year,DSL,No,Electronic check,76.89,3555.77,2,0
2972,55.0,40.0,Two year,Fiber optic,No,Mailed check,49.39,2107.56,2,0
2914,18.0,72.0,One year,Fiber optic,No,Bank transfer,52.91,4133.25,1,0
1118,62.0,3.0,Month-to-month,Fiber optic,No,Electronic check,75.6,205.78,5,1
2138,54.0,53.0,Month-to-month,Fiber optic,Yes,Electronic check,104.82,4945.35,2,0
1520,20.0,6.0,Month-to-month,DSL,Yes,Credit card,93.65,629.1,2,0
1713,51.0,14.0,Month-to-month,DSL,No,Credit card,82.59,1040.99,0,0
1992,41.0,5.0,Month-to-month,Fiber optic,No,Mailed check,64.85,351.96,2,1
1005,41.0,59.0,Month-to-month,Fiber optic,Yes,Mailed check,93.66,5006.0,2,0
2499,54.0,17.0,One year,No,No,Credit card,47.16,891.29,0,0
1254,22.0,58.0,One year,No,No,Mailed check,105.22,5808.81,0,0
2168,54.0,8.0,Month-to-month,Fiber optic,Yes,Bank transfer,48.36,333.1,0,0
2093,46.0,48.0,Month-to-month,Fiber optic,No,Credit card,47.51,2612.22,2,0
2038,48.0,12.0,Month-to-month,Fiber optic,Yes,Bank transfer,92.4,964.01,3,1
2384,56.0,19.0,Month-to-month,No,Yes,Bank transfer,28.2,513.97,2,0
1383,,22.0,Month-to-month,Fiber optic,Yes,Mailed check,67.17,1521.3,1,0
2393,47.0,46.0,Month-to-month,Fiber optic,No,Bank transfer,61.32,2796.89,1,0
2102,76.0,29.0,Two year,Fiber optic,No,Electronic check,88.78,2648.42,1,0
2503,45.0,23.0,Month-to-month,Fiber optic,No,Bank transfer,107.6,2476.49,1,1
1516,53.0,21.0,Month-to-month,Fiber optic,No,Bank transfer,57.64,1223.71,0,0
1054,60.0,28.0,One year,No,Yes,Electronic check,44.72,1220.79,2,0
1467,56.0,8.0,Month-to-month,No,No,Bank transfer,76.22,593.14,0,0
1266,69.0,17.0,Month-to-month,DSL,No,Credit card,30.11,560.2,2,1
2033,55.0,36.0,One year,DSL,No,Electronic check,84.29,3041.56,3,0
1583,79.0,35.0,One year,Fiber optic,Yes,Electronic check,40.84,1425.75,3,0
1766,44.0,5.0,Month-to-month,No,No,Electronic check,70.68,309.88,1,0
1537,39.0,23.0,One year,DSL,Yes,Electronic check,109.97,2371.17,2,0
2895,39.0,10.0,One year,Fiber optic,No,Electronic check,83.63,769.65,2,1
1059,60.0,6.0,Month-to-month,Fiber optic,Yes,Mailed check,54.22,351.67,1,1
2550,43.0,6.0,One year,Fiber optic,No,Credit card,50.65,291.71,5,1
1166,57.0,0.0,Month-to-month,Fiber optic,Yes,Bank transfer,67.59,0.0,2,0
2666,30.0,20.0,Two year,DSL,No,Bank transfer,54.69,987.46,3,0
1815,23.0,6.0,Two year,Fiber optic,No,Electronic check,86.17,556.11,2,0
1331,32.0,4.0,One year,Fiber optic,No,Mailed check,70.61,245.95,2,0
2904,43.0,36.0,Month-to-month,No,Yes,Electronic check,75.77,3094.64,2,0
1247,35.0,18.0,Month-to-month,DSL,No,Electronic check,74.49,1276.82,1,0
1373,59.0,25.0,Month-to-month,DSL,Yes,Bank transfer,84.22,2227.66,2,1
2587,39.0,0.0,Month-to-month,Fiber optic,No,Mailed check,18.67,0.0,2,0
2496,76.0,11.0,Month-to-month,Fiber optic,Yes,Credit card,64.57,807.78,0,0
1499,24.0,9.0, One year ,Fiber optic,Yes,Electronic check,55.32,527.81,3,0
2592,52.0,8.0,Month-to-month,Fiber optic,No,Electronic check,59.98,475.21,0,1
2554,42.0,16.0,Month-to-month,Fiber optic,No,Electronic check,87.7,1569.1,1,0
1636,57.0,14.0,Two year,DSL,No,Bank transfer,111.72,1427.57,1,0
1616,47.0,1.0,Month-to-month,DSL,Yes,Mailed check,77.35,83.72,1,0
2803,22.0,18.0,Two year,DSL,No,Electronic check,68.73,1307.6,1,0
2331,63.0,5.0,Month-to-month,Fiber optic,No,Bank transfer,72.63,383.15,0,0
2545,52.0,53.0,Month-to-month,Fiber optic,No,Electronic check,66.26,3093.76,0,1
1566,18.0,4.0,One year,Fiber optic,No,Credit card,78.16,312.38,0,0
2525,61.0,18.0,Month-to-month,DSL,Yes,Electronic check,77.98,1428.88,1,0
1234,77.0,72.0,Month-to-month,Fiber optic,Yes,Bank transfer,48.25,3303.43,1,0
1626,30.0,1.0,Month-to-month,FIBER OPTIC,Yes,Bank transfer,111.42,,0,1
2214,41.0,15.0,One year,DSL,Yes,Bank transfer,58.43,795.36,1,0
1430,27.0,24.0,One year,Fiber optic,No,Electronic check,119.25,2817.99,2,0
2010,65.0,2.0,Month-to-month,DSL,No,Bank transfer,59.6,105.55,2,0
2519,73.0,72.0,Month-to-month,No,No,Credit card,67.03,5524.91,0,0
2792,43.0,12.0,One year,Fiber optic,No,Mailed check,42.28,450.16,3,0
1191,58.0,2.0,One year,DSL,No,Electronic check,56.83,127.44,1,0
2566,46.0,18.0,Month-to-month,Fiber optic,Yes,Bank transfer,68.43,1274.54,1,0
2175,41.0,4.0,Month-to-month,No,Yes,Mailed check,71.24,272.06,2,0
1435,46.0,34.0,One year,Fiber optic,Yes,Credit card,57.04,1692.43,2,0
1836,,1.0,Two year,Fiber optic,Yes,Mailed check,73.76,79.19,0,0
2986,56.0,16.0,Month-to-month,DSL,No,Credit card,48.3,820.56,2,0
2280,47.0,37.0,One year,Fiber optic,Yes,Mailed check,141.92,5480.51,3,0
2762,46.0,6.0,Two year,Fiber optic,Yes,Electronic check,69.19,436.21,1,0
2186,30.0,6.0,Month-to-month,No,Yes,Credit card,64.39,398.84,3,1
2016,35.0,12.0,Two year,Fiber optic,Yes,Bank transfer,56.37,765.27,2,0
1184,42.0,1.0,One year,Fiber optic,No,Mailed check,20.72,21.14,1,1
1687,39.0,5.0,Month-to-month,Fiber optic,Yes,Bank transfer,40.84,195.8,2,0
2565,41.0,2.0,One year,Fiber optic,No,Credit card,64.73,140.42,2,0
1638,26.0,9.0,Month-to-month,No,Yes,Bank transfer,71.91,700.29,2,0
1569,40.0,0.0,One year,DSL,No,Electronic check,67.1,0.0,2,1
1933,18.0,17.0,Two year,DSL,No,Bank transfer,116.88,1868.15,0,1
2407,68.0,41.0,Two year,DSL,No,Electronic check,142.82,6032.25,3,0
2169,58.0,2.0,Two year,Fiber optic,No,Mailed check,83.05,162.92,0,0
2802,34.0,31.0,Month-to-month,No,No,Electronic check,67.57,1942.49,3,0
2242,36.0,5.0,One year,Fiber optic,No,Credit card,79.7,396.43,4,0
1533,27.0,43.0,One year,DSL,Yes,Bank transfer,70.19,2850.82,2,0
2239,69.0,12.0,Two year,DSL,Yes,Mailed check,38.73,411.57,3,0
2414,35.0,1.0,Month-to-month,Fiber optic,Yes,Credit card,83.32,79.18,1,1
2699,48.0,3.0,One year,DSL,No,Credit card,87.76,293.89,2,1
2628,46.0,17.0,Month-to-month,DSL,,Electronic check,52.15,997.9,0,1
1742,36.0,1.0,Month-to-month,Fiber optic,No,Credit card,83.87,86.99,1,0
1196,32.0,19.0,Month-to-month,No,No,Mailed check,72.91,1541.72,2,0
2996,45.0,10.0,Month-to-month,Fiber optic,Yes,Electronic check,48.89,540.4,0,1
1495,53.0,10.0,Month-to-month,DSL,No,Electronic check,59.39,554.34,3,1
1591,38.0,1.0,Month-to-month,DSL,Yes,Bank transfer,52.27,59.02,0,0
1936,30.0,18.0,Month-to-month,Fiber optic,No,Credit card,30.3,573.99,0,0
2041,38.0,4.0,Month-to-month,Fiber optic,No,Bank transfer,51.52,197.06,0,1
1979,56.0,28.0,Month-to-month,Fiber optic,No,Mailed check,65.35,1711.31,2,0
1380,32.0,28.0,One year,Fiber optic,Yes,Electronic check,55.07,1725.31,3,0
1027,51.0,20.0,Two year,Fiber optic,No,Credit card,57.9,1145.23,5,0
2301,60.0,1.0,Month-to-month,No,Yes,Credit card,34.52,39.55,1,0
1395,38.0,25.0,Month-to-month,NO,No,Credit card,15.0,377.79,1,0
2252,18.0,7.0,Two year,DSL,No,Electronic check,82.14,523.33,2,0
1320,46.0,7.0,Month-to-month,DSL,No,Electronic check,29.62,214.21,3,1
1147,25.0,15.0,Month-to-month,Fiber optic,No,Credit card,61.02,976.3,0,0
1797,55.0,25.0,Two year,Fiber optic,Yes,Bank transfer,29.18,767.35,2,0
1623,65.0,6.0, Month-to-month ,No,Yes,Credit card,18.52,104.65,3,0
1238,35.0,65.0,Month-to-month,Fiber optic,No,Mailed check,94.55,6795.66,2,0
2009,37.0,13.0,Month-to-month,Fiber optic,No,Bank transfer,97.75,1085.59,3,1
2518,30.0,3.0,One year,Fiber optic,No,Electronic check,38.16,119.43,1,0
1910,40.0,24.0,Two year,Fiber optic,,Electronic check,41.03,911.39,2,0
1895,55.0,72.0,Month-to-month,No,Yes,Electronic check,25.13,2055.37,0,0
2473,45.0,6.0,Two year,No,Yes,Bank transfer,31.47,196.0,3,0
2759,65.0,20.0,One year,No,No,Mailed check,65.85,1150.47,3,0
2361,54.0,8.0,One year,No,Yes,Credit card,96.33,741.62,0,0
1106,73.0,29.0,Two year,No,Yes,Electronic check,50.71,1510.77,1,0
1350,50.0,11.0,Month-to-month,DSL,No,Electronic check,74.48,834.6,2,1
2547,50.0,13.0,Two year,No,Yes,Electronic check,83.22,957.09,3,0
1650,73.0,2.0,One year,DSL,No,Electronic check,18.95,33.79,1,0
1389,36.0,18.0,Month-to-month,No,No,Credit card,38.76,629.19,2,0
2004,55.0,17.0,One year,Fiber optic,Yes,Credit card,64.8,1180.27,0,0
2472,43.0,11.0,Month-to-month,DSL,No,Credit card,56.62,712.66,1,0
2117,44.0,12.0,Month-to-month,DSL,Yes,Credit card,52.9,551.57,3,1
2283,59.0,33.0,Month-to-month,No,No,Electronic check,70.82,2162.49,3,0
1554,50.0,49.0,Month-to-month,DSL,No,Electronic check,27.03,1162.74,0,0
2893,43.0,36.0,One year,Fiber optic,No,Electronic check,65.92,2462.59,1,0
1170,32.0,38.0,One year,Fiber optic,No,Credit card,73.05,3013.97,2,0
2278,48.0,13.0,Month-to-month,No,No,Credit card,68.67,872.98,2,1
2753,18.0,56.0,Two year,Fiber optic,No,Credit card,50.97,2647.88,1,0
2276,80.0,5.0,Month-to-month,DSL,No,Bank transfer,69.77,303.27,0,1
1306,64.0,2.0, Month-to-month ,Fiber optic,No,Bank transfer,99.84,190.34,3,1
2571,26.0,25.0,Two year,Fiber optic,No,Bank transfer,15.0,360.12,0,0
1415,34.0,72.0,Month-to-month,NO,Yes,Credit card,79.81,6422.97,0,0
2961,49.0,57.0,Month-to-month,DSL,No,Electronic check,75.17,3657.03,2,0
2709,30.0,12.0,Month-to-month,DSL,No,Electronic check,71.97,761.32,2,1
1428,61.0,37.0,Month-to-month,Fiber optic,No,Mailed check,52.06,1946.38,0,0
1186,52.0,57.0,Month-to-month,Fiber optic,Yes,Mailed check,19.22,1098.74,2,0
2005,51.0,14.0,Two year,No,No,Bank transfer,68.95,915.3,1,0
1908,55.0,14.0,Month-to-month,No,No,Mailed check,15.0,182.48,0,0
1269,47.0,0.0,Two year,DSL,No,Mailed check,60.12,0.0,3,0
1867,50.0,17.0,Month-to-month,DSL,No,Mailed check,31.67,523.78,1,1
1630,20.0,34.0,Month-to-month,DSL,Yes,Bank transfer,15.0,434.73,2,0
1950,41.0,4.0,Month-to-month,Fiber optic,No,Mailed check,39.0,173.35,1,0
1162,62.0,30.0,Two year,DSL,No,Electronic check,96.32,2816.57,1,0
1413,64.0,8.0,Two year,Fiber optic,No,Electronic check,76.82,564.27,3,0
2768,47.0,26.0,Month-to-month,Fiber optic,No,Mailed check,19.82,508.41,3,0
1095,23.0,21.0,One year,Fiber optic,No,Credit card,43.74,1046.35,1,0
1098,45.0,63.0,One year,Fiber optic,Yes,Electronic check,96.88,5598.71,4,0
2030,41.0,27.0,Month-to-month,DSL,No,Electronic check,53.66,1262.05,3,1
1876,37.0,36.0,One year,FIBER OPTIC,No,Mailed check,86.25,2926.51,1,0
1817,58.0,20.0,Two year,FIBER OPTIC,No,Mailed check,55.38,1037.58,3,1
1822,79.0,5.0, Two year ,DSL,No,Credit card,38.54,193.63,1,0
1207,53.0,7.0,Two year,No,Yes,Mailed check,70.3,483.84,3,0
1974,38.0,6.0,Two year,Fiber optic,No,Bank transfer,84.8,441.64,3,1
1686,41.0,10.0,Month-to-month,Fiber optic,No,Electronic check,50.04,531.89,0,0
1872,24.0,29.0,Two year,Fiber optic,No,Electronic check,86.08,2831.26,3,0
1245,40.0,6.0,Month-to-month,Fiber optic,No,Bank transfer,55.06,377.48,1,1
2635,39.0,8.0,Month-to-month,No,No,Bank transfer,38.17,300.49,0,0
1229,55.0,4.0,One year,Fiber optic,No,Bank transfer,35.4,130.63,1,0
2288,28.0,54.0,Month-to-month,DSL,Yes,Bank transfer,47.97,,1,0
1906,25.0,57.0,Month-to-month,DSL,No,Mailed check,44.87,2812.23,1,0
2392,75.0,28.0,Month-to-month,DSL,No,Credit card,72.17,1982.79,3,1
1008,38.0,15.0,Two year,DSL,No,Electronic check,73.4,1175.8,2,0
1896,42.0,72.0,Month-to-month,No,No,Mailed check,75.52,6192.8,1,0
2864,65.0,22.0,Month-to-month,DSL,No,Mailed check,89.4,2067.83,2,0
2885,49.0,51.0,Month-to-month,Fiber optic,Yes,Electronic check,105.92,4616.89,2,0
2903,51.0,17.0,Month-to-month,Fiber optic,No,Electronic check,117.07,2132.54,1,1
1865,39.0,9.0,Month-to-month,DSL,No,Credit card,72.22,697.7,4,1
2427,28.0,47.0,Month-to-month,Fiber optic,No,Credit card,116.05,4976.99,1,0
2716,50.0,22.0,One year,No,No,Credit card,61.77,1488.19,3,0
1791,48.0,21.0,Month-to-month,Fiber optic,No,Bank transfer,69.4,1663.85,0,0
2022,45.0,8.0,Month-to-month,DSL,Yes,Bank transfer,101.05,883.1,1,0
2634,40.0,23.0,Month-to-month,Fiber optic,No,Credit card,138.39,2971.09,1,0
1189,22.0,16.0, Month-to-month ,Fiber optic,No,Credit card,62.85,982.23,1,1
2356,37.0,37.0,Month-to-month,DSL,Yes,Electronic check,46.51,1636.27,4,0
2327,43.0,11.0, Month-to-month ,No,Yes,Mailed check,55.61,623.08,3,1
1260,31.0,13.0,One year,Fiber optic,Yes,Mailed check,51.88,769.91,1,0
1144,49.0,0.0,Month-to-month,NO,Yes,Credit card,84.83,0.0,0,1
1828,39.0,29.0,One year,DSL,No,Credit card,56.23,1750.07,2,0
2651,50.0,19.0,One year,DSL,No,Electronic check,43.94,785.78,3,0
1698,59.0,14.0,Month-to-month,DSL,No,Mailed check,102.73,1249.73,4,0
2307,45.0,2.0, One year ,Fiber optic,No,Bank transfer,37.0,67.47,0,0
1919,48.0,22.0,Month-to-month,Fiber optic,No,Electronic check,63.26,1433.94,3,0
2869,39.0,0.0,Two year,Fiber optic,No,Bank transfer,59.91,0.0,3,0
1937,56.0,18.0,Month-to-month,DSL,Yes,Credit card,84.1,1642.28,0,1
2035,69.0,39.0,One year,Fiber optic,No,Electronic check,96.54,4178.2,1,0
2813,58.0,19.0,Two year,Fiber optic,Yes,Bank transfer,67.28,1179.14,1,0
1890,57.0,53.0,One year,No,No,Mailed check,35.14,1767.98,5,0
1594,61.0,18.0,One year,DSL,No,Bank transfer,53.03,954.08,1,0
1531,20.0,58.0,Month-to-month,DSL,Yes,Electronic check,61.57,3594.14,1,0
1894,66.0,5.0,One year,DSL,No,Electronic check,64.15,339.59,1,0
2957,85.0,7.0,Month-to-month,Fiber optic,No,Bank transfer,76.72,503.18,1,0
2493,48.0,7.0,One year,No,No,Electronic check,38.27,265.28,2,0
2151,18.0,6.0,Month-to-month,DSL,No,Mailed check,77.4,514.04,5,1
2446,37.0,14.0,Month-to-month,Fiber optic,Yes,Bank transfer,119.63,1722.04,0,0
1057,40.0,14.0,One year,Fiber optic,No,Mailed check,70.32,1024.54,0,0
2057,63.0,4.0,Month-to-month,Fiber optic,No,Credit card,64.14,235.54,1,0
2261,46.0,1.0,One year,Fiber optic,Yes,Bank transfer,128.73,138.45,0,1
2470,63.0,7.0,One year,DSL,No,Credit card,57.37,375.19,0,0
1282,69.0,13.0,One year,Fiber optic,No,Bank transfer,37.57,557.2,3,0
2610,41.0,63.0,Month-to-month,Fiber optic,No,Credit card,56.73,3396.53,2,0
1934,52.0,6.0, Two year ,No,No,Bank transfer,94.5,586.32,1,0
1362,43.0,5.0,Month-to-month,Fiber optic,Yes,Mailed check,1196.0,610.92,1,1
1243,58.0,72.0,Two year,Fiber optic,Yes,Credit card,29.43,2058.79,2,0
2627,64.0,72.0,Two year,DSL,Yes,Mailed check,52.32,4297.58,1,0
1092,34.0,7.0,Month-to-month,Fiber optic,No,Bank transfer,69.47,556.38,2,0
2234,33.0,0.0,Month-to-month,No,Yes,Bank transfer,63.43,0.0,2,0
1337,40.0,57.0,Month-to-month,FIBER OPTIC,No,Bank transfer,76.56,3952.52,1,0
2013,35.0,35.0,Two year,Fiber optic,Yes,Credit card,97.79,3212.37,1,0
2692,58.0,23.0,Month-to-month,No,No,Bank transfer,90.67,2121.76,4,0
2325,18.0,35.0,Month-to-month,DSL,No,Mailed check,70.28,2446.58,2,0
1947,35.0,5.0,Month-to-month,DSL,No,Mailed check,57.42,256.92,1,1
2109,74.0,14.0,Month-to-month,Fiber optic,Yes,Bank transfer,53.27,711.95,3,0
1190,38.0,66.0,One year,DSL,No,Mailed check,61.24,3780.2,2,0
1039,48.0,23.0,Month-to-month,Fiber optic,No,Bank transfer,49.18,1260.79,2,0
2524,39.0,18.0,Two year,DSL,Yes,Bank transfer,61.65,1241.32,0,0
2647,60.0,4.0,Two year,DSL,No,Electronic check,95.06,391.17,3,0
1975,18.0,2.0,Month-to-month,DSL,No,Credit card,50.73,98.15,0,1
2531,18.0,5.0,Month-to-month,DSL,No,Bank transfer,54.1,303.88,3,0
1634,30.0,7.0,Month-to-month,Fiber optic,No,Electronic check,30.66,229.66,1,0
1764,62.0,25.0,One year,DSL,No,Mailed check,75.11,1919.76,1,0
2540,45.0,38.0,Month-to-month,DSL,No,Mailed check,75.9,3257.46,1,0
1723,56.0,0.0,Month-to-month,No,No,Credit card,74.59,0.0,0,1
2128,44.0,4.0,One year,Fiber optic,No,Mailed check,83.07,375.14,1,0
1063,27.0,0.0,Month-to-month,Fiber optic,No,Bank transfer,44.36,0.0,0,0
1233,35.0,37.0,Month-to-month,No,No,Bank transfer,69.56,2258.38,0,0
1676,28.0,4.0,One year,No,No,Electronic check,72.27,257.03,1,1
1105,51.0,1.0,Month-to-month,No,No,Electronic check,57.12,63.28,3,1
2365,43.0,72.0,Month-to-month,No,No,Electronic check,30.27,2415.34,2,0
1753,61.0,72.0,Month-to-month,No,No,Credit card,90.63,6411.98,1,0
1902,45.0,12.0, One year ,Fiber optic,Yes,Mailed check,50.27,564.27,2,0
1253,60.0,48.0,Month-to-month,Fiber optic,Yes,Mailed check,30.71,1636.22,2,0
2432,58.0,36.0,Month-to-month,Fiber optic,Yes,Mailed check,60.35,2008.82,2,1
1422,41.0,10.0,Two year,Fiber optic,Yes,Electronic check,40.38,413.98,1,0
1774,54.0,29.0,Month-to-month,NO,No,Electronic check,50.08,1552.53,2,1
2232,44.0,10.0,Month-to-month,Fiber optic,No,Bank transfer,43.86,423.61,3,1
1858,37.0,39.0,One year,DSL,Yes,Bank transfer,77.02,2629.1,1,0
2428,42.0,9.0,Two year,Fiber optic,No,Mailed check,68.88,660.89,0,0
1924,63.0,19.0,One year,No,No,Credit card,60.55,1004.77,2,0
1079,18.0,23.0,Month-to-month,DSL,Yes,Credit card,73.47,1715.87,1,0
1989,45.0,9.0,One year,Fiber optic,No,Credit card,85.79,741.16,2,1
2106,54.0,1.0,Month-to-month,DSL,Yes,Bank transfer,77.75,83.94,1,0
1497,42.0,24.0,One year,No,No,Credit card,67.0,1577.43,0,0
2926,18.0,22.0,Month-to-month,No,No,Electronic check,77.61,1802.84,2,0
2607,69.0,0.0,One year,No,No,Mailed check,56.58,0.0,3,0
2382,77.0,56.0,Month-to-month,Fiber optic,No,Mailed check,39.79,2448.63,4,0
1087,50.0,22.0,Month-to-month,DSL,No,Credit card,61.24,1281.62,0,0
1064,57.0,6.0,Two year,DSL,No,Bank transfer,68.73,442.3,0,0
2294,46.0,13.0,One year,DSL,No,Electronic check,80.81,984.41,1,0
1605,73.0,11.0,One year,No,No,Bank transfer,52.6,538.87,3,0
1274,30.0,20.0,Month-to-month,Fiber optic,No,Bank transfer,55.7,1002.23,0,0
2993,56.0,15.0,Month-to-month,DSL,Yes,Credit card,74.78,1246.77,2,1
2679,39.0,20.0,Month-to-month,Fiber optic,No,Credit card,83.1,1879.17,0,1
2789,65.0,47.0,Month-to-month,FIBER OPTIC,No,Credit card,51.07,2256.29,0,0
2899,41.0,32.0,Two year,DSL,Yes,Mailed check,55.39,1956.74,1,0
1153,48.0,72.0,Two year,Fiber optic,No,Credit card,69.2,5332.34,2,0
1613,28.0,0.0,One year,DSL,No,Credit card,40.76,0.0,0,1
2777,44.0,60.0,One year,No,No,Bank transfer,57.41,,2,0
1410,56.0,6.0,Month-to-month,No,Yes,Mailed check,43.41,236.46,2,0
1830,25.0,2.0,Month-to-month,DSL,Yes,Credit card,99.24,182.36,3,1
2733,40.0,27.0,Two year,DSL,No,Credit card,70.26,1802.42,3,0
1912,49.0,6.0,One year,Fiber optic,No,Mailed check,25.41,165.01,0,0
1517,30.0,6.0,One year,Fiber optic,No,Mailed check,98.91,585.16,1,0
1044,23.0,16.0,One year,Fiber optic,Yes,Electronic check,75.54,1206.65,3,0
2649,84.0,7.0,Month-to-month,Fiber optic,No,Credit card,85.95,570.06,2,1
1390,32.0,61.0,Two year,DSL,Yes,Electronic check,99.06,6234.55,1,0
1220,80.0,14.0,One year,DSL,No,Bank transfer,40.15,634.3,4,1
1140,48.0,14.0,Two year,FIBER OPTIC,Yes,Credit card,86.45,1376.64,2,1
2373,21.0,10.0,Two year,FIBER OPTIC,No,Bank transfer,72.73,829.99,1,0
1357,41.0,1.0,One year,DSL,No,Bank transfer,75.7,76.05,1,0
1722,25.0,6.0,Month-to-month,DSL,No,Electronic check,77.37,461.72,3,0
2157,79.0,43.0,One year,No,Yes,Mailed check,37.85,1559.75,2,0
1261,44.0,25.0,Two year,No,No,Bank transfer,77.34,1747.17,2,0
2302,42.0,11.0,One year,No,No,Mailed check,50.76,631.51,1,0
1898,63.0,33.0,One year,DSL,Yes,Bank transfer,87.03,2963.86,1,0
2103,43.0,10.0,Month-to-month,DSL,Yes,Bank transfer,78.17,807.28,1,1
1195,51.0,3.0,One year,DSL,Yes,Mailed check,51.24,155.5,3,0
1115,50.0,23.0,Month-to-month,FIBER OPTIC,No,Mailed check,72.69,1744.36,2,0
2075,38.0,41.0,Month-to-month,Fiber optic,Yes,Mailed check,61.06,2348.22,0,0
2073,26.0,5.0,Month-to-month,Fiber optic,No,Bank transfer,53.22,232.66,3,1
1718,40.0,13.0,One year,Fiber optic,No,Mailed check,60.08,766.01,1,1
2404,60.0,72.0,Month-to-month,DSL,Yes,Mailed check,48.57,3827.76,1,0
2941,39.0,17.0,Month-to-month,DSL,Yes,Credit card,46.27,719.49,1,0
2208,24.0,4.0,One year,No,No,Mailed check,15.0,61.97,1,0
2787,34.0,1.0,Month-to-month,DSL,No,Electronic check,15.0,13.07,2,0
1358,50.0,72.0,One year,No,No,Electronic check,58.0,3657.95,2,0
2060,57.0,52.0,Month-to-month,No,Yes,Credit card,58.78,3417.62,2,0
2019,51.0,22.0,Month-to-month,Fiber optic,Yes,Electronic check,44.03,,1,0
2363,30.0,6.0,Month-to-month,No,No,Electronic check,89.24,537.91,2,1
2838,45.0,64.0,One year,No,No,Bank transfer,45.72,3012.56,2,0
2000,66.0,7.0,Month-to-month,Fiber optic,No,Bank transfer,49.66,319.26,3,1
1935,37.0,51.0,Month-to-month,DSL,No,Electronic check,93.61,5412.51,5,0
1754,31.0,16.0,Month-to-month,DSL,No,Electronic check,48.65,869.46,2,0
1420,76.0,59.0,One year,DSL,Yes,Credit card,65.57,3418.55,2,0
1149,49.0,7.0,Two year,DSL,No,Bank transfer,31.3,221.39,1,0
1009,53.0,7.0,Month-to-month,DSL,No,Bank transfer,59.31,412.91,1,1
2069,50.0,37.0,Month-to-month,DSL,Yes,Credit card,44.94,1491.52,0,0
2119,61.0,4.0,Month-to-month,DSL,No,Bank transfer,64.03,261.39,3,0
2935,22.0,17.0,Month-to-month,Fiber optic,No,Mailed check,49.71,738.07,0,1
1534,35.0,5.0,Month-to-month,Fiber optic,Yes,Electronic check,72.69,386.87,1,0
1548,51.0,72.0,Month-to-month,No,No,Credit card,87.28,6680.1,4,0
2584,51.0,22.0,Month-to-month,DSL,No,Credit card,78.74,1706.76,0,0
1298,57.0,31.0,Month-to-month,No,Yes,Electronic check,68.58,2277.74,2,0
1976,38.0,4.0,Two year,DSL,No,Bank transfer,86.31,343.95,2,0
2314,45.0,9.0,One year,DSL,No,Mailed check,81.11,760.8,2,0
2439,56.0,12.0,One year,DSL,Yes,Credit card,65.36,866.36,1,0
2337,40.0,54.0,Month-to-month,No,No,Credit card,70.96,4169.77,2,0
2445,35.0,1.0,One year,DSL,Yes,Credit card,124.86,121.15,1,0
2681,45.0,4.0,Month-to-month,Fiber optic,No,Bank transfer,129.7,542.59,2,1
1122,66.0,21.0,Month-to-month,NO,Yes,Electronic check,72.03,1593.15,4,1
2842,37.0,4.0,Month-to-month,No,No,Bank transfer,67.68,255.76,2,1
2372,24.0,59.0,Two year,Fiber optic,Yes,Bank transfer,61.92,4163.72,2,0
2385,49.0,5.0,Month-to-month,DSL,Yes,Mailed check,30.65,153.28,2,1
2360,45.0,17.0,Month-to-month,Fiber optic,No,Electronic check,71.01,1151.11,2,1
2159,40.0,6.0,One year,Fiber optic,Yes,Electronic check,67.45,372.02,2,0
2851,72.0,3.0,Month-to-month,DSL,Yes,Electronic check,49.17,154.37,0,0
1709,70.0,5.0,Month-to-month,Fiber optic,No,Electronic check,45.19,208.81,3,1
2824,48.0,1.0,Two year,DSL,No,Mailed check,47.26,47.8,4,0
1769,72.0,0.0,Month-to-month,Fiber optic,No,Electronic check,82.01,0.0,1,0
2675,40.0,33.0,Two year,DSL,No,Electronic check,44.53,1314.08,1,0
2391,35.0,11.0,Two year,Fiber optic,Yes,Mailed check,87.18,1096.6,2,0
1088,37.0,68.0,Two year,DSL,No,Mailed check,94.79,6216.65,2,0
2911,78.0,16.0,Two year,FIBER OPTIC,Yes,Electronic check,78.33,1296.62,2,0
2643,52.0,41.0,One year,No,Yes,Electronic check,58.58,2409.69,0,0
2032,51.0,13.0,Month-to-month,DSL,Yes,Bank transfer,42.82,,0,0
1097,49.0,9.0,Two year,Fiber optic,No,Bank transfer,71.62,552.98,0,0
2978,33.0,28.0,Month-to-month,DSL,No,Bank transfer,71.83,1838.21,1,0
1348,34.0,15.0,Month-to-month,Fiber optic,No,Credit card,56.26,913.56,0,0
1509,33.0,2.0,Month-to-month,DSL,Yes,Electronic check,66.81,133.61,2,0
1211,62.0,1.0,One year,DSL,Yes,Electronic check,24.99,21.45,2,0
1703,24.0,2.0,Month-to-month,Fiber optic,Yes,Electronic check,59.79,135.73,1,0
1746,48.0,69.0,Month-to-month,DSL,No,Electronic check,23.47,1643.72,3,0
2045,58.0,17.0,Month-to-month,Fiber optic,Yes,Credit card,15.0,279.68,3,0
2506,55.0,30.0,One year,No,Yes,Bank transfer,87.23,2594.82,1,0
2974,45.0,44.0,One year,No,Yes,Bank transfer,65.79,2479.34,0,0
1939,37.0,1.0,Month-to-month,No,No,Bank transfer,51.23,47.73,3,1
2429,41.0,16.0,Two year,Fiber optic,No,Bank transfer,74.95,1311.13,2,1
2808,21.0,5.0,Month-to-month,DSL,No,Bank transfer,17.68,82.26,2,0
2924,76.0,5.0,Month-to-month,No,No,Credit card,94.89,503.35,3,0
2995,61.0,7.0,One year,Fiber optic,No,Mailed check,46.9,353.0,2,1
2849,51.0,2.0,Two year,DSL,Yes,Electronic check,63.5,108.69,1,0
1478,85.0,58.0,Two year,Fiber optic,Yes,Electronic check,35.27,2338.91,1,0
2614,42.0,16.0,Month-to-month,DSL,No,Electronic check,124.54,1716.52,2,0
1491,67.0,15.0,One year,DSL,No,Electronic check,47.55,782.68,1,0
1841,55.0,22.0,Month-to-month,No,Yes,Bank transfer,15.0,343.83,1,0
2070,44.0,32.0,Month-to-month,No,No,Mailed check,102.05,3470.09,2,0
1364,55.0,26.0,Month-to-month,DSL,Yes,Credit card,50.48,1411.72,0,0
1296,58.0,17.0,One year,Fiber optic,Yes,Electronic check,15.0,248.38,3,0
1049,,14.0,One year,DSL,No,Mailed check,76.45,1054.17,0,0
2511,42.0,72.0, One year ,Fiber optic,No,Bank transfer,77.54,4806.99,2,0
1224,38.0,33.0,Month-to-month,Fiber optic,No,Bank transfer,33.39,1063.53,3,0
2774,34.0,22.0,Two year,DSL,No,Mailed check,60.24,1433.62,2,0
2243,30.0,1.0,One year,Fiber optic,No,Mailed check,80.49,71.69,3,1
2952,31.0,18.0,Month-to-month,Fiber optic,No,Credit card,95.6,1675.46,1,0
1850,36.0,6.0,Month-to-month,No,Yes,Electronic check,31.08,167.75,0,1
2785,23.0,21.0,Month-to-month,DSL,Yes,Bank transfer,83.49,1700.16,3,0
2457,51.0,6.0,Month-to-month,Fiber optic,Yes,Credit card,64.45,391.77,1,1
1647,44.0,14.0,One year,Fiber optic,No,Credit card,56.32,772.87,0,0
2225,43.0,26.0,One year,DSL,Yes,Bank transfer,58.81,1744.09,2,0
1562,58.0,20.0,Month-to-month,DSL,No,Electronic check,67.15,1501.48,1,0
1622,73.0,21.0,Month-to-month,DSL,No,Mailed check,84.95,1521.64,2,0
1674,24.0,2.0,Month-to-month,No,No,Electronic check,63.5,116.22,3,0
2087,49.0,13.0,Month-to-month,DSL,No,Mailed check,92.65,1366.74,0,0
1804,38.0,48.0,Two year,NO,Yes,Bank transfer,85.99,4480.97,1,0
1604,51.0,24.0, Month-to-month ,Fiber optic,No,Mailed check,15.0,395.28,1,0
2269,64.0,35.0,Month-to-month,Fiber optic,No,Electronic check,61.46,2448.52,2,0
1442,18.0,4.0, Month-to-month ,DSL,No,Credit card,36.22,130.56,1,0
2879,33.0,2.0,One year,Fiber optic,No,Mailed check,68.12,121.33,3,1
2598,45.0,2.0,Month-to-month,Fiber optic,No,Mailed check,42.05,87.1,1,1
2024,71.0,37.0,Two year,Fiber optic,Yes,Mailed check,66.4,2702.75,0,0
1539,36.0,0.0,Month-to-month,No,No,Mailed check,106.41,0.0,2,1
1767,72.0,22.0,Month-to-month,Fiber optic,Yes,Bank transfer,56.9,1249.05,1,1
1762,83.0,26.0,Month-to-month,Fiber optic,Yes,Credit card,58.77,1407.3,4,0
1868,55.0,8.0,One year,Fiber optic,No,Mailed check,26.21,217.96,0,0
1689,52.0,64.0,Two year,No,No,Credit card,74.1,5229.63,0,0
1187,44.0,31.0,Two year,DSL,Yes,Electronic check,34.29,1020.89,1,0
1406,29.0,51.0,Two year,Fiber optic,No,Credit card,15.0,859.36,3,0
2011,48.0,12.0,One year,DSL,No,Electronic check,88.44,1181.41,0,0
2172,47.0,8.0,Month-to-month,Fiber optic,No,Credit card,81.8,720.92,1,1
1751,25.0,33.0,Two year,No,Yes,Electronic check,69.8,2126.16,3,0
2855,35.0,9.0,Two year,DSL,No,Bank transfer,59.45,581.81,1,0
2950,18.0,6.0,One year,No,No,Credit card,107.23,556.38,2,1
2050,36.0,9.0,Month-to-month,Fiber optic,Yes,Electronic check,85.35,713.84,0,0
1461,46.0,1.0,One year,No,No,Mailed check,69.53,67.66,1,0
1670,64.0,25.0,Two year,DSL,No,Credit card,89.94,2093.71,1,1
1655,46.0,39.0,Month-to-month,Fiber optic,No,Electronic check,26.42,1112.37,0,0
1785,61.0,4.0,Two year,DSL,No,Bank transfer,81.15,279.11,1,0
2083,76.0,3.0,Two year,DSL,No,Credit card,38.62,127.44,1,0
1714,44.0,11.0,Two year,DSL,No,Credit card,32.32,312.0,0,0
2350,27.0,16.0,One year,Fiber optic,Yes,Electronic check,79.68,1383.09,3,0
1424,55.0,31.0,Month-to-month,DSL,No,Electronic check,63.02,1834.73,1,0
2744,31.0,17.0,One year,Fiber optic,No,Bank transfer,45.71,885.96,2,0
2501,37.0,5.0,One year,DSL,No,Credit card,47.36,217.76,1,0
1043,40.0,33.0,Month-to-month,Fiber optic,Yes,Electronic check,83.6,2980.39,0,0
1661,37.0,19.0, One year ,No,Yes,Electronic check,70.27,1434.33,1,0
1635,20.0,6.0,One year,Fiber optic,No,Mailed check,78.0,528.87,0,0
2847,32.0,37.0,One year,DSL,No,Mailed check,94.6,3051.42,1,0
1528,49.0,59.0,Month-to-month,Fiber optic,Yes,Bank transfer,53.63,3623.13,3,0
2760,70.0,35.0,Month-to-month,No,Yes,Bank transfer,80.34,3086.24,0,0
1987,58.0,3.0,Month-to-month,DSL,No,Mailed check,110.51,316.16,2,0
2507,59.0,0.0,Month-to-month,Fiber optic,Yes,Bank transfer,36.96,0.0,3,0
1218,38.0,15.0,Two year,DSL,No,Mailed check,81.37,1123.58,3,0
2765,32.0,42.0,One year,Fiber optic,No,Bank transfer,87.37,3156.65,2,0
1820,37.0,4.0,Month-to-month,DSL,No,Electronic check,48.29,182.36,2,0
2282,56.0,10.0,Month-to-month,Fiber optic,Yes,Mailed check,33.89,309.02,1,0
2938,61.0,1.0,One year,DSL,Yes,Mailed check,60.52,62.74,1,0
1855,36.0,8.0,Month-to-month,Fiber optic,No,Bank transfer,45.97,368.56,0,0
2498,60.0,8.0,Two year,DSL,Yes,Electronic check,67.11,462.51,2,0
1609,67.0,1.0,One year,Fiber optic,No,Credit card,79.28,71.2,3,0
1485,24.0,2.0,One year,DSL,Yes,Electronic check,67.83,120.25,3,0
2149,32.0,22.0,One year,DSL,No,Credit card,82.54,1846.82,3,0
2017,38.0,26.0,One year,DSL,No,Bank transfer,77.23,2176.13,3,0
2966,42.0,16.0,One year,No,Yes,Credit card,66.89,1061.62,0,0
2085,51.0,9.0,Month-to-month,DSL,No,Electronic check,40.93,341.02,1,0
1081,50.0,10.0,Month-to-month,DSL,Yes,Credit card,86.81,779.71,1,0
2704,51.0,8.0,Month-to-month,No,No,Bank transfer,98.07,814.95,1,0
1324,30.0,45.0,Month-to-month,Fiber optic,Yes,Credit card,27.52,1274.42,2,0
2409,41.0,11.0,One year,Fiber optic,No,Electronic check,43.8,466.08,0,0
2490,37.0,22.0,Month-to-month,DSL,No,Electronic check,40.16,779.98,1,0
2080,40.0,31.0,Month-to-month,Fiber optic,No,Credit card,81.31,2421.36,1,0
1019,24.0,7.0,Month-to-month,No,No,Credit card,54.62,439.24,2,0
1454,37.0,6.0,One year,DSL,No,Credit card,88.31,584.67,1,0
2110,42.0,19.0,One year,DSL,Yes,Bank transfer,40.18,822.54,0,0
1838,60.0,6.0,Two year,Fiber optic,Yes,Bank transfer,67.56,456.42,2,1
1758,32.0,9.0,Two year,No,No,Credit card,41.49,355.44,4,0
2673,31.0,19.0,One year,Fiber optic,No,Mailed check,75.44,1434.94,0,0
2340,47.0,20.0,Month-to-month,DSL,Yes,Credit card,92.41,1948.35,2,0
1034,57.0,14.0,Month-to-month,Fiber optic,No,Mailed check,112.44,1528.39,4,0
1808,64.0,24.0,One year,Fiber optic,Yes,Bank transfer,92.0,1925.41,1,0
2162,24.0,0.0,Two year,Fiber optic,No,Credit card,59.1,0.0,3,1
2790,18.0,10.0,Month-to-month,DSL,No,Credit card,50.34,522.54,1,0
2612,58.0,14.0,Two year,DSL,No,Mailed check,68.74,1037.56,0,0
1904,48.0,23.0,Month-to-month,FIBER OPTIC,No,Electronic check,86.42,1874.55,1,0
2522,42.0,8.0,Month-to-month,Fiber optic,Yes,Electronic check,64.0,497.15,1,0
2562,18.0,17.0, Month-to-month ,No,No,Bank transfer,77.95,1213.35,0,0
1800,59.0,8.0,Month-to-month,DSL,No,Mailed check,77.87,557.38,3,1
2579,33.0,58.0,Month-to-month,DSL,No,Bank transfer,36.8,1928.4,2,0
1096,49.0,1.0,Month-to-month,Fiber optic,No,Mailed check,127.13,123.15,0,1
2107,29.0,5.0,Month-to-month,No,No,Mailed check,96.81,463.41,1,0
1446,50.0,3.0,Two year,Fiber optic,No,Credit card,77.92,245.28,3,0
1474,70.0,23.0,Month-to-month,Fiber optic,No,Bank transfer,40.21,976.12,3,1
2788,50.0,18.0,Month-to-month,Fiber optic,No,Credit card,80.22,1312.45,0,1
1366,48.0,5.0,Two year,No,No,Credit card,62.68,281.83,4,1
2897,69.0,72.0,One year,DSL,No,Electronic check,75.71,5937.57,2,0
2721,41.0,56.0,Month-to-month,Fiber optic,No,Credit card,95.84,4856.9,2,1
2609,41.0,38.0,One year,Fiber optic,No,Electronic check,88.14,3254.46,0,0
2909,,3.0,Two year,Fiber optic,No,Mailed check,104.99,284.36,0,0
2945,39.0,32.0,Two year,Fiber optic,Yes,Mailed check,127.52,4171.96,3,0
1760,36.0,9.0,Month-to-month,Fiber optic,Yes,Electronic check,15.0,132.0,3,0
1918,38.0,12.0,One year,DSL,No,Bank transfer,81.44,1021.84,3,0
2425,18.0,25.0,One year,Fiber optic,No,Electronic check,52.21,1362.02,2,0
1759,56.0,1.0,Month-to-month,Fiber optic,No,Credit card,50.98,57.03,2,0
1392,25.0,6.0,Month-to-month,DSL,No,Mailed check,143.8,939.67,1,0
2946,51.0,27.0,Month-to-month,Fiber optic,Yes,Mailed check,38.61,924.85,3,0
2769,53.0,1.0,Month-to-month,DSL,No,Bank transfer,58.13,52.04,0,1
2295,44.0,10.0,Two year,No,No,Mailed check,53.15,574.57,5,0
1506,36.0,21.0,Month-to-month,DSL,No,Mailed check,79.89,1676.39,2,0
2517,54.0,2.0, Month-to-month ,DSL,No,Credit card,66.15,150.43,3,1
1434,68.0,24.0,One year,No,Yes,Mailed check,48.03,1316.27,2,0
1648,42.0,57.0,Two year,Fiber optic,No,Electronic check,101.33,5361.04,3,0
1942,55.0,2.0,Month-to-month,DSL,No,Credit card,77.52,153.01,1,0
2831,48.0,14.0,One year,DSL,No,Credit card,35.24,501.08,1,1
2585,55.0,20.0,Month-to-month,DSL,Yes,Bank transfer,110.04,2239.53,1,0
2231,24.0,46.0,Month-to-month,DSL,No,Mailed check,60.4,2814.86,4,0
2343,63.0,15.0,One year,DSL,Yes,Bank transfer,93.06,1318.12,1,0
2989,51.0,19.0,One year,DSL,No,Bank transfer,65.39,1097.38,0,0
1132,29.0,6.0,Two year,DSL,Yes,Mailed check,24.05,136.63,2,0
2074,60.0,5.0,Month-to-month,Fiber optic,No,Credit card,82.96,457.57,0,0
1972,58.0,5.0,One year,DSL,No,Bank transfer,42.59,231.93,2,0
2262,53.0,24.0,Two year,Fiber optic,No,Mailed check,78.28,2039.35,1,1
2588,33.0,26.0,Month-to-month,No,Yes,Credit card,61.88,1434.54,4,0
2616,49.0,19.0,Month-to-month,DSL,Yes,Bank transfer,94.0,1677.12,1,0
1450,44.0,7.0,Month-to-month,DSL,No,Credit card,70.12,519.69,0,1
1031,73.0,21.0,One year,NO,No,Electronic check,73.79,1334.79,2,0
1121,31.0,8.0,One year,Fiber optic,No,Credit card,32.1,263.22,0,1
2235,70.0,35.0,Month-to-month,DSL,No,Mailed check,71.03,2208.9,3,0
2375,42.0,6.0,Two year,No,No,Electronic check,59.11,335.04,1,0
2478,32.0,10.0,Two year,No,No,Mailed check,64.49,694.6,1,0
2326,31.0,1.0,Month-to-month,No,Yes,Credit card,91.57,79.07,0,0
2732,45.0,4.0,Month-to-month,Fiber optic,Yes,Electronic check,92.1,348.13,1,1
2112,58.0,14.0,Month-to-month,Fiber optic,Yes,Mailed check,81.66,1160.79,3,0
2349,42.0,36.0,Month-to-month,FIBER OPTIC,Yes,Mailed check,30.0,1115.45,3,0
2347,59.0,35.0,Month-to-month,Fiber optic,No,Electronic check,95.75,3447.96,4,1
1255,38.0,64.0,Month-to-month,Fiber optic,No,Bank transfer,85.71,4866.18,2,0
1892,61.0,8.0,Month-to-month,Fiber optic,Yes,Bank transfer,43.87,306.54,1,0
2594,18.0,2.0,Month-to-month,DSL,No,Mailed check,91.01,205.23,2,0
2569,37.0,10.0,Month-to-month,Fiber optic,Yes,Mailed check,36.75,398.63,0,0
2574,52.0,24.0,Month-to-month,No,No,Electronic check,84.87,2052.28,0,1
1359,33.0,5.0,Month-to-month,Fiber optic,No,Mailed check,33.02,176.76,0,0
1051,39.0,3.0,Month-to-month,Fiber optic,No,Electronic check,60.44,184.58,0,1
1875,72.0,1.0,Month-to-month,Fiber optic,Yes,Bank transfer,36.09,31.26,2,1
1938,49.0,9.0,Two year,No,No,Electronic check,63.67,550.13,1,0
1772,54.0,16.0,Month-to-month,No,No,Credit card,71.92,1131.15,1,0
2126,50.0,19.0,Month-to-month,No,No,Credit card,124.71,2206.49,1,1
2219,77.0,11.0,Month-to-month,DSL,No,Electronic check,54.51,631.39,2,1
1679,64.0,9.0,Month-to-month,Fiber optic,Yes,Mailed check,88.24,777.96,0,1
1805,40.0,14.0,Month-to-month,Fiber optic,No,Mailed check,31.06,384.29,0,1
2652,48.0,38.0,One year,DSL,No,Bank transfer,83.77,3603.28,2,0
1124,54.0,25.0,Month-to-month,DSL,No,Bank transfer,90.32,1939.99,1,0
1404,38.0,25.0,Month-to-month,DSL,No,Mailed check,15.0,365.51,3,1
1730,48.0,8.0,Two year,Fiber optic,No,Credit card,64.5,558.24,2,0
2311,57.0,36.0,Two year,Fiber optic,Yes,Bank transfer,39.56,1352.99,0,0
1831,31.0,24.0,Month-to-month,Fiber optic,No,Credit card,37.85,811.29,0,0
2071,52.0,4.0,One year,No,Yes,Mailed check,57.92,234.42,1,0
1725,42.0,15.0,Month-to-month,Fiber optic,Yes,Bank transfer,90.15,1535.94,1,0
1587,32.0,19.0,One year,Fiber optic,Yes,Credit card,72.67,1294.78,4,0
1607,26.0,21.0,One year,Fiber optic,Yes,Bank transfer,25.86,619.86,3,0
1433,56.0,5.0,Month-to-month,Fiber optic,Yes,Mailed check,84.59,419.23,0,1
1674,24.0,2.0,Month-to-month,No,No,Electronic check,63.5,116.22,3,0
2287,53.0,7.0,Month-to-month,Fiber optic,No,Mailed check,75.81,554.89,1,1
1360,53.0,7.0,One year,DSL,Yes,Credit card,77.88,599.66,0,0
2099,50.0,11.0,Two year,No,No,Bank transfer,52.93,544.81,0,0
1466,54.0,19.0,One year,Fiber optic,No,Electronic check,101.55,1664.77,1,0
1299,54.0,6.0,Two year,DSL,No,Credit card,86.24,554.89,2,1
2558,67.0,67.0,Month-to-month,No,Yes,Mailed check,83.67,5923.56,2,0
2608,50.0,16.0,Two year,No,Yes,Bank transfer,43.84,640.14,0,0
1493,32.0,71.0,Month-to-month,Fiber optic,Yes,Electronic check,17.21,,2,0
1527,46.0,40.0,Month-to-month,No,No,Bank transfer,17.75,726.85,2,0
2192,36.0,47.0,Month-to-month,Fiber optic,No,Electronic check,22.73,1193.66,1,0
